Timestamp,Temperature_C,Humidity_Percentage,Pressure_hPa
2024-01-01 00:00:00,22.483570765056164,55.33912879304589,995.8983160734338
2024-01-01 01:00:00,19.308678494144075,40.31550741732809,1002.294056617644
2024-01-01 02:00:00,23.23844269050346,35.57424296291296,1004.1025389821343
2024-01-01 03:00:00,27.61514928204013,63.39720947197196,1005.9571229180881
2024-01-01 04:00:00,18.829233126383322,69.37608722814208,1010.611192521334
2024-01-01 05:00:00,18.8293152152541,51.02760729210743,1013.8718640420643
2024-01-01 06:00:00,27.896064077536955,36.86717143393214,1020.0808912185668
2024-01-01 07:00:00,23.837173645764544,40.89229306077476,1004.5190130066077
2024-01-01 08:00:00,17.65262807032524,30.73562706189867,996.9898070229825
2024-01-01 09:00:00,22.712800217929825,66.57195226241996,1034.5574316320678
2024-01-01 10:00:00,17.682911535937688,34.710043315605645,1001.6854697934757
2024-01-01 11:00:00,17.671351232148716,53.06065902057014,1021.3632372299555
2024-01-01 12:00:00,21.20981135783017,40.96220882748824,1013.3126687724867
2024-01-01 13:00:00,10.43359877671101,52.167120100631735,1015.5130564080638
2024-01-01 14:00:00,11.375410837434837,56.05681553407457,1012.984494941641
2024-01-01 15:00:00,17.188562353795135,63.18967214828807,1009.1515811805288
2024-01-01 16:00:00,14.93584439832788,38.25685087042413,1017.6397228292346
2024-01-01 17:00:00,37.74372687146362,30.439833146339218,1008.614127937427
2024-01-01 18:00:00,15.459879622393945,35.47542520275229,1024.663027472368
2024-01-01 19:00:00,12.938481493323543,66.0007456739242,1018.6844100625616
2024-01-01 20:00:00,44.72232614292089,64.95560310250062,1018.9959411328149
2024-01-01 21:00:00,18.871118497567323,53.896524086812335,1007.9287693994341
2024-01-01 22:00:00,20.33764102343962,54.020674417346136,1010.6364526291101
2024-01-01 23:00:00,12.876259068932717,56.60146698185022,1001.1208719135793
2024-01-02 00:00:00,17.278086377374088,37.014851144937985,1009.4698394327444
2024-01-02 01:00:00,20.55461294854933,66.5764778369984,1002.634240836437
2024-01-02 02:00:00,14.245032112888486,46.75082099568293,1026.1306851558872
2024-01-02 03:00:00,21.87849009172836,45.3255411299799,1013.50535815594
2024-01-02 04:00:00,16.996806550405974,50.7567082113135,1014.7049723504043
2024-01-02 05:00:00,18.541531251033618,31.8786386710022,1010.7485347264998
2024-01-02 06:00:00,16.991466938853016,36.65133475024318,1014.9757892205141
2024-01-02 07:00:00,29.261390922544688,59.52134465705482,1037.648776358577
2024-01-02 08:00:00,19.93251387631033,33.31194671700506,1009.9985971560751
2024-01-02 09:00:00,14.711445355220498,54.12608437865553,1006.4958696529001
2024-01-02 10:00:00,24.112724560515943,39.81396438725284,1018.2969313290545
2024-01-02 11:00:00,13.895781750144888,45.571824561679065,987.7428136639751
2024-01-02 12:00:00,33.190996614749146,41.547749470827995,1013.6395678691093
2024-01-02 13:00:00,10.201649380601122,44.226908658597964,1009.282870967071
2024-01-02 14:00:00,13.359069755507846,58.76183620736982,1003.0768673396391
2024-01-02 15:00:00,20.984306179345616,41.884868624927,1018.077576703115
2024-01-02 16:00:00,23.692332899977053,52.656185611875884,1013.539884184458
2024-01-02 17:00:00,38.114100509590884,49.04201608796399,994.9759109250579
2024-01-02 18:00:00,19.421758588058797,56.546846614505924,1006.5347047880756
2024-01-02 19:00:00,18.494481522053555,67.47318957299032,984.1172879480728
2024-01-02 20:00:00,12.607390048162863,59.30288388841001,1015.932693141335
2024-01-02 21:00:00,16.400778958026457,38.59761514363027,1015.8329941844015
2024-01-02 22:00:00,17.696806145201062,31.247325402451388,1005.0671810616633
2024-01-02 23:00:00,25.285611131094576,40.490561771993,1018.4011271168313
2024-01-03 00:00:00,21.71809144784231,53.803117228010194,1000.1750137887848
2024-01-03 01:00:00,11.18479922318633,32.05703253937001,1003.3348297406501
2024-01-03 02:00:00,21.620419846973974,49.85464988804945,1017.1719046438257
2024-01-03 03:00:00,18.074588597918417,53.87371395667557,1006.1133324503705
2024-01-03 04:00:00,16.615389998470206,43.369755632678434,1012.3734304379756
2024-01-03 05:00:00,23.05838144420434,60.836488149832874,1007.3635097257365
2024-01-03 06:00:00,25.154997612479754,34.263930125350875,1008.8906884370082
2024-01-03 07:00:00,24.656400595580994,33.00551126943235,1009.3277578404501
2024-01-03 08:00:00,15.803912383886807,59.12755024814413,1005.9324324278182
2024-01-03 09:00:00,18.453938120743928,49.81965264824794,1016.0244971436013
2024-01-03 10:00:00,21.65631715701782,57.536095857109444,1006.7207151324606
2024-01-03 11:00:00,40.297626384509456,47.39309354414985,1013.156867137956
2024-01-03 12:00:00,17.60412881077355,39.856081329564276,1005.712683186256
2024-01-03 13:00:00,19.071705116680914,62.764092706967986,997.6570137361554
2024-01-03 14:00:00,14.468325129969859,61.976635158759166,1022.1243524925917
2024-01-03 15:00:00,14.018966879596647,57.78785883417707,1017.9952698509541
2024-01-03 16:00:00,24.062629111970992,40.8858054891985,1035.8868206879768
2024-01-03 17:00:00,26.781200142854114,53.609226674763484,1002.5602716000175
2024-01-03 18:00:00,19.63994939209833,44.438955877601074,1010.9103951266796
2024-01-03 19:00:00,25.01766448946012,33.66328293306537,1011.7149251914419
2024-01-03 20:00:00,21.80818012523817,66.69254301848972,1022.8936943828213
2024-01-03 21:00:00,16.77440122697438,35.472745236758456,1007.928921058674
2024-01-03 22:00:00,21.80697802754207,68.0094941528321,1001.2895814582414
2024-01-03 23:00:00,27.690182832329846,47.84023091831823,1025.07809308461
2024-01-04 00:00:00,19.820869804450243,37.405317153544786,1009.8334997073878
2024-01-04 01:00:00,27.82321827907003,51.67603789513433,1021.7864350972604
2024-01-04 02:00:00,6.901274479551278,64.91783343505634,1020.6219840079222
2024-01-04 03:00:00,24.10951252187612,59.28899545638245,1012.701095260977
2024-01-04 04:00:00,20.435235341190857,62.26244591445799,1011.2568629496525
2024-01-04 05:00:00,18.504963247670663,56.35133466842869,1009.084351936702
2024-01-04 06:00:00,20.45880388267751,57.6910625807141,1012.8480687123001
2024-01-04 07:00:00,10.062155426995536,63.96782606261277,1021.6310022617063
2024-01-04 08:00:00,18.90164056081244,39.986720354367435,1005.0355981894043
2024-01-04 09:00:00,21.78556285755873,49.576998545725615,1014.0884563020912
2024-01-04 10:00:00,27.38947022370758,38.84837767278409,1001.8136857180119
2024-01-04 11:00:00,17.40864890863176,69.50672031986588,1003.0589376695781
2024-01-04 12:00:00,15.957531985534061,67.76237358746454,1012.6906100284438
2024-01-04 13:00:00,17.491214782077318,31.577072454740236,993.3984199170617
2024-01-04 14:00:00,24.57701058851037,58.22300690062754,1033.6055861661605
2024-01-04 15:00:00,21.643755548298422,67.00993269662663,1001.0694004508977
2024-01-04 16:00:00,17.351198981164806,37.223013805093345,1012.5991148734345
2024-01-04 17:00:00,22.56633716556678,52.717809222105174,1024.6821772181686
2024-01-04 18:00:00,20.4853877467402,66.61953190352168,1004.370946612495
2024-01-04 19:00:00,24.843224952664446,31.357839143431953,989.9730301045529
2024-01-04 20:00:00,16.489734530613237,57.8968106898736,1008.5505423987532
2024-01-04 21:00:00,18.361689267011158,41.89396029490203,1004.2517961992388
2024-01-04 22:00:00,18.039459234339212,66.97584781506121,990.2362649140799
2024-01-04 23:00:00,12.682425259339407,68.84232980661471,1015.848898925722
2024-01-05 00:00:00,21.48060138532288,67.77065956453735,1015.0709386223295
2024-01-05 01:00:00,21.305276360899448,48.96856866629855,1024.4232645453835
2024-01-05 02:00:00,20.025567283212304,64.48170603957254,1001.7917763447962
2024-01-05 03:00:00,18.827064333124266,63.78197594140281,997.0086351355299
2024-01-05 04:00:00,12.92314628974793,42.76401892973023,1008.9327691695341
2024-01-05 05:00:00,17.896773386173205,63.1566189660271,1012.116573409909
2024-01-05 06:00:00,18.286427417366152,31.480305388619705,1022.2134960298649
2024-01-05 07:00:00,15.988613653891905,53.85079513928212,1027.1056800500517
2024-01-05 08:00:00,19.193571441669953,39.200353491508125,1025.1447913390734
2024-01-05 09:00:00,22.020254284072692,34.822675431091156,1015.7654366689267
2024-01-05 10:00:00,29.43092950605265,33.078128065168364,1020.9949925350414
2024-01-05 11:00:00,20.872889064159196,57.85155103512559,1006.5950656523081
2024-01-05 12:00:00,21.28775195361382,43.59499855072265,1014.6839519247525
2024-01-05 13:00:00,19.627770421169163,58.99067086115046,1001.0870986071219
2024-01-05 14:00:00,10.406143923504793,32.614253631957695,1013.6268539688688
2024-01-05 15:00:00,19.867430622753915,42.61161351322441,1013.8864669739801
2024-01-05 16:00:00,20.301151049705133,51.57965169501349,1030.2212860568497
2024-01-05 17:00:00,32.316210562426434,61.628926593558546,1010.7101713850975
2024-01-05 18:00:00,19.038195176094387,42.7501001172828,1013.9004283765329
2024-01-05 19:00:00,21.507736711668063,55.03565505748036,1015.3696141571204
2024-01-05 20:00:00,19.826441151473784,65.43910992944748,1008.4517968411154
2024-01-05 21:00:00,14.156609811902339,54.63452752729218,1004.9750726678835
2024-01-05 22:00:00,25.714114072575104,39.31837899014535,1025.9881132484704
2024-01-05 23:00:00,23.759665163433873,30.97603126226152,1003.190825570397
2024-01-06 00:00:00,23.955159735215233,64.80395495603719,999.7208192831273
2024-01-06 01:00:00,15.453062726026305,30.850776434015486,1019.8026537929549
2024-01-06 02:00:00,27.013971554680495,64.98806690736798,1024.57814842024
2024-01-06 03:00:00,12.990744686038596,51.157485361088476,1008.4859034239936
2024-01-06 04:00:00,22.934285469001352,67.56270794051585,1008.6394651235012
2024-01-06 05:00:00,30.952278129049894,61.951329430946615,1015.8254352610679
2024-01-06 06:00:00,15.047318374346558,69.9173644213335,1005.9214732325681
2024-01-06 07:00:00,17.16851135198614,44.028472618068406,1005.1828747938803
2024-01-06 08:00:00,20.498256825438204,60.68753155724508,1021.7959258798636
2024-01-06 09:00:00,17.482621729419005,46.07723654436968,1019.0713110078361
2024-01-06 10:00:00,12.246682844669337,49.195024812156355,1026.111588863181
2024-01-06 11:00:00,20.342814874030136,55.1002185287348,1000.4741098763451
2024-01-06 12:00:00,14.688481431369475,64.94708456745354,1007.9753751308938
2024-01-06 13:00:00,22.36796215317591,69.36333876797181,1015.8117956226945
2024-01-06 14:00:00,15.402878828830985,60.73093655458073,1003.7437915022564
2024-01-06 15:00:00,27.749672025087698,46.710671286693355,1019.4168743715464
2024-01-06 16:00:00,16.083733538318814,46.854280091082806,1025.2462708722633
2024-01-06 17:00:00,18.38969241897162,59.50329206355566,1007.1664202777265
2024-01-06 18:00:00,24.067586086848348,39.55108583073209,1013.3859194022704
2024-01-06 19:00:00,13.845678417830225,34.41896452525579,1027.556186900811
2024-01-06 20:00:00,21.137299673020646,44.18488630563106,1030.99271575019
2024-01-06 21:00:00,26.53571377141214,41.489559666163274,1020.458012510604
2024-01-06 22:00:00,11.962583827193862,41.8523248182396,1018.9342917319361
2024-01-06 23:00:00,20.92316929266152,39.344310041996394,1004.4626346531509
2024-01-07 00:00:00,21.299413971242117,31.683727585454477,1016.5920940045784
2024-01-07 01:00:00,23.90911435888655,30.714957389336554,1018.56820840775
2024-01-07 02:00:00,13.81524644560959,69.50889558944127,1010.8962984143895
2024-01-07 03:00:00,13.397716934578618,47.110925349434496,1007.0522374544433
2024-01-07 04:00:00,22.60970782808449,45.373065886387266,1000.1870232652315
2024-01-07 05:00:00,21.48492336616593,57.1858913077228,995.6227024494871
2024-01-07 06:00:00,21.252464251729382,38.730155514602565,993.5211648667884
2024-01-07 07:00:00,21.732241047484877,67.99844735800902,1018.7944257286726
2024-01-07 08:00:00,16.599876392107547,61.453800576622086,1014.4769932522678
2024-01-07 09:00:00,21.161268485805017,33.57644009249038,1008.161888684589
2024-01-07 10:00:00,21.465362366493405,46.70323103139714,1009.6854370227536
2024-01-07 11:00:00,16.42824290986816,65.16473230248658,1015.1047054153048
2024-01-07 12:00:00,29.328872555723784,67.7892808916564,1011.3543692899141
2024-01-07 13:00:00,22.36916460455894,48.69606044999479,999.5944681999617
2024-01-07 14:00:00,14.043482513986756,54.53645556842831,1022.130002202743
2024-01-07 15:00:00,23.28276804316915,36.68135784368301,1016.041261706698
2024-01-07 16:00:00,15.126591648863393,69.64674504547907,1015.6589847981385
2024-01-07 17:00:00,23.93542301871226,39.26686805533774,1021.3756270335837
2024-01-07 18:00:00,25.79297789503702,67.70927096540503,1004.8635464394033
2024-01-07 19:00:00,15.896588408241447,55.985865959694735,1025.1373143772585
2024-01-07 20:00:00,24.81688064622161,54.309471795154366,1011.5995714805777
2024-01-07 21:00:00,22.06390463468249,50.50754044066034,1021.8859888033087
2024-01-07 22:00:00,24.11030079997245,39.22679246871034,1020.3444903348766
2024-01-07 23:00:00,29.483964913269737,37.061121280220334,1002.6119817199744
2024-01-08 00:00:00,18.773059419985646,38.819448362807016,1018.0290040491413
2024-01-08 01:00:00,16.23131917821255,37.45753048577018,1016.2627467084668
2024-01-08 02:00:00,15.552427851872384,61.18337894267013,1013.3031165749434
2024-01-08 03:00:00,15.920948575172808,44.005010366669204,1012.0562824996462
2024-01-08 04:00:00,19.614491452929478,32.313707062535855,1012.1410675028221
2024-01-08 05:00:00,21.70575987408322,68.76410520563246,1021.12689425644
2024-01-08 06:00:00,21.383453996650097,65.35143539853703,1018.779105137915
2024-01-08 07:00:00,24.13591624518012,67.11009132780852,1013.3047885026566
2024-01-08 08:00:00,20.065009459389536,69.7963129058574,998.0806385352862
2024-01-08 09:00:00,27.267670385786584,36.95580996877949,1017.9444341408362
2024-01-08 10:00:00,18.67671583381022,45.84968075610635,1020.2361361917777
2024-01-08 11:00:00,33.600845832948096,60.32953902816365,1036.0041008544697
2024-01-08 12:00:00,23.12833673882503,57.84082472215169,1023.7543306310504
2024-01-08 13:00:00,15.714212217918586,36.1558362535942,994.0082361208454
2024-01-08 14:00:00,14.645537509694439,62.63332499962471,1013.7842939901864
2024-01-08 15:00:00,22.412362076215928,38.97762287346643,1031.1137502866497
2024-01-08 16:00:00,18.882686073370746,38.95270459290492,1019.2354885690164
2024-01-08 17:00:00,23.57000247046046,51.47897691573654,1016.2865216037321
2024-01-08 18:00:00,22.366188122867726,53.71759739366813,1022.0022865891524
2024-01-08 19:00:00,19.635855436715637,53.203448313512446,1006.776218050092
2024-01-08 20:00:00,15.766031409657975,33.65947349591019,1017.7808999662745
2024-01-08 21:00:00,12.425763876570677,65.09843450521521,1010.4953196100809
2024-01-08 22:00:00,17.767425239664895,40.624001703548245,1012.8037651418953
2024-01-08 23:00:00,24.28199397161736,35.18059685131217,1021.284545156951
2024-01-09 00:00:00,21.07046872065102,65.54992319475909,1003.7328689750782
2024-01-09 01:00:00,13.77130610644006,68.22605992919014,1025.8798247380194
2024-01-09 02:00:00,20.86590462925591,64.48510469061802,1008.7718803891446
2024-01-09 03:00:00,21.926586898644185,62.38064298899512,1015.6066283315041
2024-01-09 04:00:00,15.580712818994336,56.20967922556087,998.9949203972506
2024-01-09 05:00:00,20.76862552972764,52.034294824365574,1020.1983729087138
2024-01-09 06:00:00,20.29104359223,33.479470396456406,1027.4650393594657
2024-01-09 07:00:00,14.285148510846884,46.338128522827944,1007.8535845078185
2024-01-09 08:00:00,21.788936801741418,44.90754068049256,1001.897766134904
2024-01-09 09:00:00,22.80392263184117,40.39015135041305,1015.779830647427
2024-01-09 10:00:00,25.415256215876383,58.936804547543396,1027.5481064499174
2024-01-09 11:00:00,25.269010260174515,49.835029403150834,998.5014343451909
2024-01-09 12:00:00,13.111653160214544,33.24184863630592,1001.9369181877166
2024-01-09 13:00:00,15.310874800424386,38.80732807799245,1008.4581044168848
2024-01-09 14:00:00,22.5751763360433,57.33035054638384,1004.796561754693
2024-01-09 15:00:00,22.568929754561044,33.045234379612005,1004.82814533391
2024-01-09 16:00:00,22.575238431530238,64.04827656195076,992.0587937233622
2024-01-09 17:00:00,39.26365745327361,49.80586108055897,1018.8905694740587
2024-01-09 18:00:00,22.854452553465833,49.22346309306592,1016.3872050286964
2024-01-09 19:00:00,25.677828200902994,53.6963113863807,996.0115080019635
2024-01-09 20:00:00,24.770008817466014,62.987238637005966,1027.5719575995624
2024-01-09 21:00:00,23.25695625652899,43.91236831608772,1029.810923149305
2024-01-09 22:00:00,18.42365377679827,57.12064610236254,1005.4909445021989
2024-01-09 23:00:00,23.794846102466337,52.62927855983165,1024.66548590977
2024-01-10 00:00:00,16.13587392731214,40.68113080677685,1007.2700219500905
2024-01-10 01:00:00,18.815906966299956,65.14519945420632,1014.8111651021106
2024-01-10 02:00:00,17.573182260854484,61.89704086427712,1004.6423786497909
2024-01-10 03:00:00,20.409370696931614,56.338073386337015,1035.1425152346228
2024-01-10 04:00:00,31.573292833367542,64.02326916376967,1010.039827726701
2024-01-10 05:00:00,10.66367403704126,64.6917680383921,1014.2644902282346
2024-01-10 06:00:00,23.43130095187257,58.334519068601395,1006.1206261253617
2024-01-10 07:00:00,11.936420644051742,63.48053313454688,1031.613155972364
2024-01-10 08:00:00,17.640340671052833,57.898858466771344,1031.866146460894
2024-01-10 09:00:00,25.444752984836832,57.205630870412016,1029.3092918126295
2024-01-10 10:00:00,20.321400095477316,54.74445512860737,1022.5644034834762
2024-01-10 11:00:00,14.611276110353469,60.10866558230565,1006.7521045306595
2024-01-10 12:00:00,16.42348145370016,36.344204211722946,1021.2785009596241
2024-01-10 13:00:00,23.39798874467338,65.23483036795713,1012.9295720107526
2024-01-10 14:00:00,16.34816684141432,64.87374110980929,1026.1240862174263
2024-01-10 15:00:00,21.082292947909874,31.169891321382366,1024.1590205336536
2024-01-10 16:00:00,20.22785919951907,63.03267002259051,1006.5073442192407
2024-01-10 17:00:00,16.741998261970913,35.154794698937806,1022.4782580283721
2024-01-10 18:00:00,30.719720446626628,43.40475417036568,1019.8203445004393
2024-01-10 19:00:00,23.169595111590056,59.74033025166431,985.2643713708655
2024-01-10 20:00:00,9.874287066711965,36.43039584193233,1021.0093663962946
2024-01-10 21:00:00,20.93227157384714,62.718680964762484,1008.682042113598
2024-01-10 22:00:00,16.69106767615806,63.28536711830968,1004.1395754566832
2024-01-10 23:00:00,24.26216667398112,50.29870935043345,1004.5673939570626
2024-01-11 00:00:00,16.037396307836495,30.255434868673344,1011.6475710436797
2024-01-11 01:00:00,19.426317792665504,41.48152532699651,1017.8005958008669
2024-01-11 02:00:00,22.524936394902287,54.67707673502969,999.3453797780782
2024-01-11 03:00:00,24.328775970850607,69.24744712109694,1014.8984783621246
2024-01-11 04:00:00,13.998517964721119,55.272541080666734,1018.7675806619308
2024-01-11 05:00:00,18.327493820795258,40.39214324256639,1031.6180578366964
2024-01-11 06:00:00,17.62527344419522,55.360228123984456,1002.2330983077487
2024-01-11 07:00:00,16.73335383713144,51.59941518863422,1009.503878132222
2024-01-11 08:00:00,28.827271201405484,61.19381580604575,1015.6166297269648
2024-01-11 09:00:00,22.024908554804778,34.279225553078334,1024.4740933019161
2024-01-11 10:00:00,33.058251622456964,60.44111610008112,1009.9577611882819
2024-01-11 11:00:00,24.58930973527388,51.65066314704441,1024.9864137199106
2024-01-11 12:00:00,30.610780985063165,68.51968015435978,993.6263768352354
2024-01-11 13:00:00,25.162326302755734,43.674886641547445,1000.4665180687812
2024-01-11 14:00:00,12.403150170229933,55.304875725357924,1016.4864434433422
2024-01-11 15:00:00,17.578829635668743,67.2811242204007,998.8917550191212
2024-01-11 16:00:00,26.334555745933113,34.10038911962717,1001.2552947323328
2024-01-11 17:00:00,16.461652671906094,67.48913948945804,1007.7222313575406
2024-01-11 18:00:00,22.219097140731144,57.51542889203253,1020.7143899191583
2024-01-11 19:00:00,23.873170267146683,32.713482364206875,994.0403515869272
2024-01-11 20:00:00,15.365347642109585,42.03854267787265,1014.702983621624
2024-01-11 21:00:00,19.702373219691,58.32688354581126,1023.329639471528
2024-01-11 22:00:00,3.793663299654636,32.69402405875087,1011.0505479157105
2024-01-11 23:00:00,27.082898728061593,53.28681840705093,1009.3116977040746
2024-01-12 00:00:00,18.7371592430342,43.83532227811827,1017.0177128255857
2024-01-12 01:00:00,13.761084090175753,54.83662071069908,1011.0788894727856
2024-01-12 02:00:00,28.162056519658176,31.829681352500515,1026.9049978124074
2024-01-12 03:00:00,12.849293110196836,64.86147224609505,1001.8858698786556
2024-01-12 04:00:00,17.799777566515083,68.93955876709587,1012.4835584483492
2024-01-12 05:00:00,20.653702886430455,68.75511421142767,1015.0568637496068
2024-01-12 06:00:00,27.206366445330577,59.98607326971699,1009.2154594815354
2024-01-12 07:00:00,12.820689244102804,35.20344960522528,984.2871733704254
2024-01-12 08:00:00,25.815818760774796,60.3305278371609,1011.3909509195081
2024-01-12 09:00:00,20.051165305097935,30.98347665835206,1022.0017698691247
2024-01-12 10:00:00,15.092456744760245,30.88494206115989,1020.7810918612602
2024-01-12 11:00:00,22.310517371316354,42.94440876598165,1016.547784821702
2024-01-12 12:00:00,20.99529847786735,49.54572761618663,1002.0213764165078
2024-01-12 13:00:00,16.998915614206027,60.816296712311726,1016.9530946245849
2024-01-12 14:00:00,20.349010424950094,57.33181506426021,1007.2656217845777
2024-01-12 15:00:00,18.0734320156912,47.83610825506993,1016.5348290594867
2024-01-12 16:00:00,20.56758672625624,40.945066651266636,1014.2150501140171
2024-01-12 17:00:00,23.310653372605234,69.88498000630844,1003.2362472871663
2024-01-12 18:00:00,27.93008408072676,47.04725208943891,1004.075441606431
2024-01-12 19:00:00,13.810922505865754,48.05548097318702,1016.5502245442152
2024-01-12 20:00:00,30.665166873281333,36.544952847666764,1010.788869047115
2024-01-12 21:00:00,10.239561002387491,61.79238194999718,1004.5971856934287
2024-01-12 22:00:00,19.241074524822082,57.74728903125954,1003.7716981027316
2024-01-12 23:00:00,22.941586032422883,38.83078451155042,1009.9616915201378
2024-01-13 00:00:00,21.404959338675162,33.295241824633706,1028.6810479471822
2024-01-13 01:00:00,16.88650240089703,57.21997208298852,1007.7392196778804
2024-01-13 02:00:00,18.959388748213623,56.18044857124541,1012.8598046174241
2024-01-13 03:00:00,17.534995326705836,40.930381079928374,1014.0164428768951
2024-01-13 04:00:00,17.053176215278942,68.0345424900164,1001.6897360850805
2024-01-13 05:00:00,24.248010485105123,36.04231567123601,995.3716751615731
2024-01-13 06:00:00,21.785077429825236,47.29339204170408,1002.7335926526426
2024-01-13 07:00:00,16.535452023696728,67.74463680670395,1015.4707737780631
2024-01-13 08:00:00,24.497999377166252,46.78909267704489,1013.8733105791541
2024-01-13 09:00:00,21.536497604383047,55.54103790656342,1020.0240656915106
2024-01-13 10:00:00,24.0643105941948,45.90377591851177,1013.9674989495911
2024-01-13 11:00:00,23.14814420961806,40.9686080939468,1011.904507085308
2024-01-13 12:00:00,15.855024945389639,69.35910591839313,1006.9598772507487
2024-01-13 13:00:00,17.199094799015153,46.37336025260172,1021.846067898627
2024-01-13 14:00:00,23.736468025616308,65.76396814716537,1003.8081986127928
2024-01-13 15:00:00,23.051851327167324,39.198184235643446,1001.8960048270397
2024-01-13 16:00:00,19.89549203017926,38.52418816100333,1018.670555173881
2024-01-13 17:00:00,20.58663691654391,31.245363315380455,999.6684268934634
2024-01-13 18:00:00,26.388324478942124,56.066673015035406,1037.1479099865862
2024-01-13 19:00:00,17.04214305582085,44.74105374895045,1013.7999338055914
2024-01-13 20:00:00,22.735486905850188,64.57432999358548,1016.4790611632488
2024-01-13 21:00:00,18.98903673783053,48.928396267662286,1004.9158017547661
2024-01-13 22:00:00,18.9115939838639,68.72773711658887,1009.8473515575845
2024-01-13 23:00:00,25.49388425993595,37.42102062812484,1008.7324288311764
2024-01-14 00:00:00,24.12708174494015,64.74492671822443,1007.5816501233136
2024-01-14 01:00:00,24.067548180003193,61.06387411166967,1019.3296175150982
2024-01-14 02:00:00,26.527394035771646,60.83687378576208,1008.5042396177472
2024-01-14 03:00:00,20.105019208163796,63.79132912467551,1023.1750122908418
2024-01-14 04:00:00,23.40976485647482,60.440959637719956,1039.6318235011981
2024-01-14 05:00:00,18.44866621703272,55.048812865256615,1010.0445875985345
2024-01-14 06:00:00,21.62083176244221,35.249795107295505,1014.5231551357663
2024-01-14 07:00:00,19.349284728161578,31.301047179650077,1016.7948205716551
2024-01-14 08:00:00,20.48497982496359,66.83391391262748,1031.1150481259351
2024-01-14 09:00:00,22.97578512718457,54.66601258082952,1012.1735221496181
2024-01-14 10:00:00,15.908896583832638,61.86149163904705,1004.7098308034164
2024-01-14 11:00:00,30.461936378427303,49.260894060502004,1000.336594943743
2024-01-14 12:00:00,14.96991309250149,34.692327558495776,1012.4201605256776
2024-01-14 13:00:00,13.92905693606134,35.00743168810202,1008.5161978094612
2024-01-14 14:00:00,25.790554367500338,57.422611489158854,1033.100092893
2024-01-14 15:00:00,23.95831346981468,47.21223579597851,1030.6986242067696
2024-01-14 16:00:00,23.120599085260775,38.02098906801347,1002.656271720764
2024-01-14 17:00:00,23.1417275463214,49.66378186965748,1005.8923989645082
2024-01-14 18:00:00,19.938766135765427,32.568357483005364,1013.7377010788689
2024-01-14 19:00:00,15.513728142570843,53.27885607657595,1026.9722642255877
2024-01-14 20:00:00,20.37902279096863,40.75973617740391,1013.5701313637105
2024-01-14 21:00:00,16.61419144243944,61.90236402548753,1006.5275936201195
2024-01-14 22:00:00,24.875598667088756,42.41447835694295,1012.4111819009728
2024-01-14 23:00:00,19.264713092489306,48.20880596327205,1006.7151513610395
2024-01-15 00:00:00,15.872514016037442,30.464821596324025,1019.0247720943948
2024-01-15 01:00:00,18.393070791735035,32.89787551178235,1005.9096628833529
2024-01-15 02:00:00,22.06465727137812,45.69974225626739,1007.8956394757304
2024-01-15 03:00:00,17.181377235980126,49.19755338868494,1024.619338134561
2024-01-15 04:00:00,15.888898022167844,54.00082192477215,1005.3163505268593
2024-01-15 05:00:00,21.218436057459563,41.66650314837213,998.5387196743984
2024-01-15 06:00:00,21.224832855543614,57.7992754450617,1013.9499375135631
2024-01-15 07:00:00,17.46528412314435,64.40489588756819,1009.395265957954
2024-01-15 08:00:00,17.644808471908387,61.194039555733994,1018.1141550092996
2024-01-15 09:00:00,21.16024968678818,31.584753013934286,1016.1747193473109
2024-01-15 10:00:00,12.759578292513378,49.220277890313156,1012.6808150535663
2024-01-15 11:00:00,12.962681128117223,34.197207136726995,1012.3895657453
2024-01-15 12:00:00,16.40777889373782,39.6818006345011,1005.6414155067716
2024-01-15 13:00:00,18.932764241440765,69.46650373068586,1013.8334707099324
2024-01-15 14:00:00,21.554537827990025,35.69982171606053,1021.8128478143277
2024-01-15 15:00:00,27.376781084747762,49.95552613805424,1003.2655325860053
2024-01-15 16:00:00,24.288298116010097,54.72622937272476,1012.9460262363847
2024-01-15 17:00:00,19.200307350182864,58.098598821764156,1023.3838875573462
2024-01-15 18:00:00,19.904918960486555,52.385947339476566,1018.054240932167
2024-01-15 19:00:00,14.987353176810956,30.390833896767347,1026.0947289635071
2024-01-15 20:00:00,19.90743432003805,43.058452329759675,1007.3185767016566
2024-01-15 21:00:00,18.55670680539931,50.70846573538846,994.6923155160514
2024-01-15 22:00:00,21.613592801690448,33.514659965793335,1015.0065180395569
2024-01-15 23:00:00,15.863845282238385,44.02507724836723,1016.6257081502648
2024-01-16 00:00:00,22.596732571205862,31.32812435165466,1026.6842195447268
2024-01-16 01:00:00,27.66369456501289,33.14313988620083,1024.8814573470697
2024-01-16 02:00:00,19.456199257715713,45.87693104806384,1018.3674362301247
2024-01-16 03:00:00,22.008558610494706,35.30863016172241,1020.6539021417043
2024-01-16 04:00:00,23.450719958555563,52.70163393046232,1011.0817854179336
2024-01-16 05:00:00,17.993897640570818,57.578598765490625,1000.8088538868078
2024-01-16 06:00:00,21.120462409052084,62.02346796436331,1014.1772121738092
2024-01-16 07:00:00,20.062962003908975,38.0060097697924,1022.8257346362777
2024-01-16 08:00:00,20.48838049274416,36.69930329036279,1019.5636086982855
2024-01-16 09:00:00,16.13495108072267,34.18271361337601,1021.3380733915936
2024-01-16 10:00:00,20.122550871294713,55.457209981745464,1008.7224431295325
2024-01-16 11:00:00,22.489991456227248,58.25902905947605,1010.3445316198157
2024-01-16 12:00:00,27.25571803897521,31.26344579302568,1017.8342548811461
2024-01-16 13:00:00,24.796354130426035,67.4484898497476,1007.5349260549125
2024-01-16 14:00:00,30.765912287557782,32.0788513460589,1007.84282930067
2024-01-16 15:00:00,16.163262185559752,51.65185341204282,1015.9798223637745
2024-01-16 16:00:00,24.361603183603393,58.36242077803666,1020.609047431569
2024-01-16 17:00:00,20.91671002869176,64.83876494984342,1011.004713266706
2024-01-16 18:00:00,30.94901466608836,58.56347728529711,1001.3681053894636
2024-01-16 19:00:00,15.958508573224243,62.069123322791675,1005.6419608495717
2024-01-16 20:00:00,15.80139078909612,43.57800770171224,1015.0367208489309
2024-01-16 21:00:00,17.00303677277989,62.59300454986049,1014.9152096386597
2024-01-16 22:00:00,9.380521378450965,33.204593855387,1015.4123813765535
2024-01-16 23:00:00,17.371224891596196,65.7926662424211,1018.2129529059575
2024-01-17 00:00:00,16.20433669223151,51.90369504614945,1013.0581055854245
2024-01-17 01:00:00,20.75196893238104,62.69191079849975,1015.6505604484031
2024-01-17 02:00:00,21.708779878885796,48.092731380732005,1012.5497317717113
2024-01-17 03:00:00,29.380854196079433,55.743107807860994,1024.4873348292945
2024-01-17 04:00:00,24.75211919093025,51.05610643744453,1027.3234203121751
2024-01-17 05:00:00,17.115481721687985,59.263580870213275,1001.1098871761997
2024-01-17 06:00:00,15.50792664325821,33.26519928122358,1010.4474805789774
2024-01-17 07:00:00,22.459595857532527,32.41408335962255,1013.327244915407
2024-01-17 08:00:00,13.398833964896788,39.88412936040586,1010.3308528798568
2024-01-17 09:00:00,29.15729382927177,36.381787204527534,1030.9292259133088
2024-01-17 10:00:00,25.897200603606436,64.87134266368807,1015.2395527808974
2024-01-17 11:00:00,34.30406690185421,38.76855949432177,1004.9462817294966
2024-01-17 12:00:00,11.434327354545612,69.03461023276526,1018.9644233956067
2024-01-17 13:00:00,26.769361870827062,43.47583167084427,1015.7097453884619
2024-01-17 14:00:00,19.42730077373691,37.28471662754797,1016.0419291955342
2024-01-17 15:00:00,26.189081559867308,61.58794028569916,1031.078761587992
2024-01-17 16:00:00,12.027861706028165,56.34831102003504,1016.5078517575481
2024-01-17 17:00:00,17.003124885231134,49.92782865812556,1009.96338476126
2024-01-17 18:00:00,20.026218498590914,52.214542037505254,993.447235736899
2024-01-17 19:00:00,20.23490296882371,58.768071130890554,1011.3460098185649
2024-01-17 20:00:00,17.74967264260378,39.13818965325195,1026.0596991732718
2024-01-17 21:00:00,23.114249661737492,69.85335664226967,1012.0883088044382
2024-01-17 22:00:00,14.661897853087028,68.99172648587133,990.599501014805
2024-01-17 23:00:00,19.288102574893532,56.01302745387748,1008.0163760780755
2024-01-18 00:00:00,20.601478158559495,37.981698037165806,1022.926885389128
2024-01-18 01:00:00,22.572194170293745,57.209129697251655,1018.4581717456201
2024-01-18 02:00:00,23.55807439044445,32.887936359167036,1004.6011910348926
2024-01-18 03:00:00,14.376789540810654,31.226100088232243,1007.3471522360092
2024-01-18 04:00:00,12.329429146321889,40.30731554044855,1008.8929134089758
2024-01-18 05:00:00,26.388384109492545,48.504918269572656,1006.3728622813707
2024-01-18 06:00:00,21.661570059897958,64.73090021633521,992.7032613226041
2024-01-18 07:00:00,16.25756731721723,59.08676279065232,1020.6359110061985
2024-01-18 08:00:00,27.755759877612615,59.70826084799924,1025.570599566891
2024-01-18 09:00:00,20.578373171464293,47.01973337792302,997.8155105603525
2024-01-18 10:00:00,25.896485920319133,43.83739970187852,1025.438529325863
2024-01-18 11:00:00,20.337592407050543,44.84155051938411,1011.9697679860278
2024-01-18 12:00:00,30.303739624409936,69.50598254944231,1025.2513234816788
2024-01-18 13:00:00,28.77670421221602,31.6043676564993,1013.3795043629044
2024-01-18 14:00:00,18.75517925760463,64.68125984489794,1014.3554459215864
2024-01-18 15:00:00,24.85785475477178,53.14701634289574,1016.7243464698221
2024-01-18 16:00:00,23.226879747925736,47.54461676758362,1005.0993367486473
2024-01-18 17:00:00,26.843157787661745,59.01030641660546,1024.9467414432802
2024-01-18 18:00:00,15.175382697099478,49.466757656988115,1001.7861936192521
2024-01-18 19:00:00,23.430257299992196,64.93692952326643,1008.9793325548333
2024-01-18 20:00:00,25.29212243424794,66.02807456045034,1018.2426467764317
2024-01-18 21:00:00,11.206302567884428,46.86883707493821,1007.9080475951454
2024-01-18 22:00:00,14.083707436671125,41.073111889402064,1020.7753124081495
2024-01-18 23:00:00,9.803839111199498,53.69401314373449,1026.7586617318395
2024-01-19 00:00:00,18.652965827777212,66.49453382466764,1023.1254600105384
2024-01-19 01:00:00,23.58771127897981,38.42648756022666,993.6388468632138
2024-01-19 02:00:00,27.51178526048014,54.91866334253931,1014.2584696961936
2024-01-19 03:00:00,20.370473902098876,55.26240880370082,1023.2868261069639
2024-01-19 04:00:00,28.143077727856458,59.32452089661124,999.8325115317795
2024-01-19 05:00:00,13.099492708925542,35.262707405090396,1020.2361058722887
2024-01-19 06:00:00,11.483087803224226,58.63299858728354,1019.6746078163932
2024-01-19 07:00:00,19.722261505516904,66.36130082662564,1000.8791010806174
2024-01-19 08:00:00,21.920327244696537,37.187324354809675,1021.3423266574016
2024-01-19 09:00:00,19.836526259529535,39.501732996955106,1015.7269779352994
2024-01-19 10:00:00,9.662789499800617,68.85580376166558,1019.5038178872127
2024-01-19 11:00:00,19.55439980243606,37.23907810837959,1003.3368761423487
2024-01-19 12:00:00,13.477652497475734,64.17540373478317,1014.5013611637138
2024-01-19 13:00:00,23.348362744150194,49.69111425792139,995.9512144586768
2024-01-19 14:00:00,21.83299123048424,39.88924297612708,990.2300879246695
2024-01-19 15:00:00,15.300601068363225,64.82999605090046,1014.4082842652775
2024-01-19 16:00:00,17.430665413316532,47.81221020010662,1024.0059760676131
2024-01-19 17:00:00,14.703932390555241,50.59269415718761,1015.5293681426508
2024-01-19 18:00:00,19.68660451363414,44.36933477599062,1012.3655393605585
2024-01-19 19:00:00,24.775711602506192,53.7180340573971,1011.1246587994513
2024-01-19 20:00:00,15.071369768322281,36.54095490340091,1003.5743460855693
2024-01-19 21:00:00,22.520232577589223,45.64326146607043,1010.7813909620469
2024-01-19 22:00:00,17.348711908137794,68.7764928934115,1017.2168446826445
2024-01-19 23:00:00,16.03563583868828,40.3253373080451,1008.6477776719937
2024-01-20 00:00:00,19.464848200227213,56.269466581651685,1020.5058685383577
2024-01-20 01:00:00,14.823788387903129,43.00760256898779,1014.959750338646
2024-01-20 02:00:00,17.23175347326409,60.93892502746402,1016.169794177734
2024-01-20 03:00:00,14.010610537055758,35.23494642873399,1021.8866275355095
2024-01-20 04:00:00,29.823625664581947,68.79284180314178,1007.7324456734501
2024-01-20 05:00:00,20.176317759858645,48.151581655345566,1019.5938058618696
2024-01-20 06:00:00,16.50137246003707,39.44201853385856,1009.1352328274803
2024-01-20 07:00:00,21.06989955367111,32.93986989320051,1016.3951448381883
2024-01-20 08:00:00,19.43835975154585,36.79031620350163,1006.5422864936343
2024-01-20 09:00:00,18.895152002333884,50.79095794224071,1003.8929617693527
2024-01-20 10:00:00,23.070833500217127,43.48012705725145,1013.9186474564849
2024-01-20 11:00:00,23.787538550236526,63.15533463530438,994.1479994797888
2024-01-20 12:00:00,17.34749426194736,47.235500946472236,1010.0373255649112
2024-01-20 13:00:00,17.1209087967766,39.9485709035052,996.9362299439082
2024-01-20 14:00:00,18.62474151424178,54.68579946416121,1020.7923403431361
2024-01-20 15:00:00,8.490394176322075,58.27108867541783,1023.5011059610891
2024-01-20 16:00:00,12.42404468900724,36.68167631603799,1004.360487785792
2024-01-20 17:00:00,26.834371337222624,36.7047686515327,1017.283129624735
2024-01-20 18:00:00,28.224838567506417,31.466857077341718,1021.991357136875
2024-01-20 19:00:00,18.75481980221811,59.45608060262562,1022.0246922250178
2024-01-20 20:00:00,22.882784815278832,56.552181104872204,1015.1445083397164
2024-01-20 21:00:00,21.556250772717682,48.98523502999255,1020.343046755615
2024-01-20 22:00:00,35.39440404227619,63.76681795876789,1006.5066868807961
2024-01-20 23:00:00,25.597874557172883,62.22680611800213,1013.8312246565667
2024-01-21 00:00:00,19.360412042596167,53.414174575870085,1008.3289659320923
2024-01-21 01:00:00,15.222297796997871,64.73085122053035,1005.6621202621463
2024-01-21 02:00:00,11.967768398712138,38.23364840147073,1013.3606339146962
2024-01-21 03:00:00,21.017318179336115,34.47678477590912,1016.4753037615808
2024-01-21 04:00:00,16.218246273578483,40.789984460679584,1024.6350876795498
2024-01-21 05:00:00,12.88873145201163,32.28347424357259,1015.6515552729888
2024-01-21 06:00:00,16.767135578787368,51.24678112004128,1019.4193053496155
2024-01-21 07:00:00,14.592259981928025,67.46422769179846,1019.5328317324954
2024-01-21 08:00:00,28.435708175362823,31.573741626740386,1039.8753436569696
2024-01-21 09:00:00,24.408198784747253,34.88439656040107,994.8996759672742
2024-01-21 10:00:00,19.960136793416915,48.08796113133741,1006.1206613316282
2024-01-21 11:00:00,27.39972069445013,67.3550007011162,1027.7405605248807
2024-01-21 12:00:00,20.38684153823809,42.64624419907002,1009.4798692514653
2024-01-21 13:00:00,15.693578993358681,50.289392347535696,1021.8580313760172
2024-01-21 14:00:00,27.615620386348287,31.662914362015684,1015.3000952376284
2024-01-21 15:00:00,22.694550218423295,35.93372803848355,1034.0520240120802
2024-01-21 16:00:00,14.813769228367718,69.46520491835388,1001.8694557293629
2024-01-21 17:00:00,19.04830660958196,68.60474785744182,1025.2180055251881
2024-01-21 18:00:00,15.621908733076214,30.197599237376384,1030.495813052725
2024-01-21 19:00:00,13.08600134517832,68.07247141692956,1002.85581122832
2024-01-21 20:00:00,24.630887737658206,55.56479751262002,1020.8287024358135
2024-01-21 21:00:00,29.547083202350652,64.71673178080088,1003.3450201417095
2024-01-21 22:00:00,13.007162130904295,48.18959422535436,1013.3016157253512
2024-01-21 23:00:00,22.814846183452854,50.62384114317001,1010.4341206981783
2024-01-22 00:00:00,16.746787154390866,49.55386321027681,988.9724606510031
2024-01-22 01:00:00,17.56437308117652,56.67457030184417,1017.242342597119
2024-01-22 02:00:00,17.038030378805654,35.586050190252514,1014.4333916760623
2024-01-22 03:00:00,15.68004615160092,31.198943594907117,1027.7907897340576
2024-01-22 04:00:00,20.242608139724133,42.31719766364763,1019.1114365464954
2024-01-22 05:00:00,15.84524941794481,58.18723050946587,1035.9088392407875
2024-01-22 06:00:00,21.352284128899193,38.074138084917934,1014.0704238207871
2024-01-22 07:00:00,19.748809452754315,56.93729733299669,1011.944699479977
2024-01-22 08:00:00,18.80525976566795,68.79648184429081,1011.156433492829
2024-01-22 09:00:00,15.462181689792011,33.75602863157673,1008.6041128896823
2024-01-22 10:00:00,17.116143347158335,56.90408472900505,990.9224908361743
2024-01-22 11:00:00,23.77695612912878,47.750008772182845,1010.7980537299204
2024-01-22 12:00:00,22.504585938121902,64.72569017510021,992.32145273564
2024-01-22 13:00:00,15.112223776007244,37.085991577895435,1017.5203334458577
2024-01-22 14:00:00,20.49666152714613,57.70503808904658,1000.5993970752942
2024-01-22 15:00:00,23.756935616858947,63.52461158592441,1004.0566737691158
2024-01-22 16:00:00,11.652973594393142,67.78456877896093,1006.3058980516745
2024-01-22 17:00:00,22.716800961899676,57.329921131585834,1010.9506496218676
2024-01-22 18:00:00,16.686881205270765,49.8869905603371,1013.0686825493904
2024-01-22 19:00:00,22.852993342965796,54.713889608048554,1023.8447958307307
2024-01-22 20:00:00,16.183704217287417,64.75619937914873,1007.2246990649245
2024-01-22 21:00:00,10.975589496677404,52.82438986555319,1017.8014613622237
2024-01-22 22:00:00,11.862287810584187,31.215482387873475,1040.3086723322356
2024-01-22 23:00:00,20.24042473330691,67.23794782027912,1016.7735070276323
2024-01-23 00:00:00,21.29861250860741,57.58107004126245,1011.1951021106837
2024-01-23 01:00:00,15.478416874477958,57.06053543108986,1005.2084834807171
2024-01-23 02:00:00,23.19296229388687,38.62700609590868,1011.0566845457968
2024-01-23 03:00:00,11.6923996886552,56.355418809306286,1004.1377965639059
2024-01-23 04:00:00,19.66960100676342,45.754576226166336,1015.6866142668378
2024-01-23 05:00:00,13.944919001187717,56.04931908165968,1014.0354413863939
2024-01-23 06:00:00,16.740819460989204,34.26372121231963,991.3778077908221
2024-01-23 07:00:00,20.23699335658207,56.313812184121446,1012.8144199423393
2024-01-23 08:00:00,15.697933173580239,69.97654903082666,1023.7614631264001
2024-01-23 09:00:00,18.077222278850872,31.92848155442224,1009.0088814779725
2024-01-23 10:00:00,25.0314640460722,69.0869673688527,1006.4710322758843
2024-01-23 11:00:00,17.115540652384254,46.27631842891482,999.2229922688315
2024-01-23 12:00:00,24.17846056032571,64.83013801349037,994.420079583756
2024-01-23 13:00:00,14.35146572671191,61.29541936233094,1021.3134926706325
2024-01-23 14:00:00,22.649020889576413,52.68065043946671,1011.1852167042081
2024-01-23 15:00:00,27.207843103289502,59.537968370053065,1020.7202156200342
2024-01-23 16:00:00,7.6417774993635526,65.14062245205392,1028.3132374457946
2024-01-23 17:00:00,16.015523722647615,46.165612866041315,1022.2124768491035
2024-01-23 18:00:00,22.8853606359027,43.081326462529546,1007.5762767856121
2024-01-23 19:00:00,18.984773069785035,56.70373542254339,1014.4486766465756
2024-01-23 20:00:00,21.855729366856544,62.31383767765034,1006.8522713484308
2024-01-23 21:00:00,16.980074066420897,60.49140539106463,1005.9171153739834
2024-01-23 22:00:00,20.4329489373645,61.912545954345376,1016.4281516240262
2024-01-23 23:00:00,19.221613823039604,47.42333259251732,1004.6770611688182
2024-01-24 00:00:00,25.838910308299035,62.71336864700086,990.908483809113
2024-01-24 01:00:00,21.272104216506065,34.808362214824335,1004.1185210427262
2024-01-24 02:00:00,21.68801331037601,51.77956391843398,1009.9311885131262
2024-01-24 03:00:00,17.940615169387662,30.230346419924864,1028.2139849783193
2024-01-24 04:00:00,17.561968879637533,42.98343319601081,1008.0906255012864
2024-01-24 05:00:00,17.837209060901895,44.65846139485592,1018.1192409102928
2024-01-24 06:00:00,21.972260711891483,45.846907664370214,1011.3169176603793
2024-01-24 07:00:00,17.895077595898684,57.81868826759449,1025.2640514387037
2024-01-24 08:00:00,21.448874284482066,45.54232405081383,1024.5709638546396
2024-01-24 09:00:00,30.377003993227195,47.94774490490123,1024.7617510523992
2024-01-24 10:00:00,24.355623517158463,39.5017652349731,995.6601647058264
2024-01-24 11:00:00,18.369882339160796,44.9300716651736,1015.06724047245
2024-01-24 12:00:00,26.006069610819722,39.090785090526055,1020.5893860012195
2024-01-24 13:00:00,17.959623134892244,32.92783695073774,1016.8153856258933
2024-01-24 14:00:00,9.80937732411073,54.13794373525512,1019.3659632582182
2024-01-24 15:00:00,14.95956844541298,56.728511942200655,1013.5835100428548
2024-01-24 16:00:00,10.646040394870722,54.779613840384584,1005.5521579327348
2024-01-24 17:00:00,18.24243257979346,48.5397617520229,996.0290261501375
2024-01-24 18:00:00,20.092091895947757,45.19143120716919,1006.5443057135152
2024-01-24 19:00:00,28.382186561376415,64.53334598287302,1039.781098736384
2024-01-24 20:00:00,21.634636868820813,50.76327140544872,1008.1434882390932
2024-01-24 21:00:00,18.90449735595568,49.16727510518924,993.4060977390926
2024-01-24 22:00:00,24.147027905917447,31.02568263225743,1020.3264936072908
2024-01-24 23:00:00,8.944323454960575,43.64991310504625,1021.5546000868264
2024-01-25 00:00:00,21.178072790542828,45.20782475143428,1025.8732439015214
2024-01-25 01:00:00,23.854325969434832,45.952911235876016,1017.7097850370678
2024-01-25 02:00:00,12.607068771100792,53.206894769093296,1021.4560151446695
2024-01-25 03:00:00,25.718770216034645,51.34410186907514,1031.4021713484199
2024-01-25 04:00:00,21.69248203747207,54.316203711737785,1005.5452650793789
2024-01-25 05:00:00,17.923560430495993,60.59533046168513,1003.5614929457628
2024-01-25 06:00:00,23.163909330531425,62.51942954864374,1002.0541346044707
2024-01-25 07:00:00,31.35346428902198,58.724923049059775,1010.3423041350602
2024-01-25 08:00:00,20.909331275292477,68.22094783819739,1027.3342241982516
2024-01-25 09:00:00,21.24110293150168,30.729303307054465,1018.2806836774623
2024-01-25 10:00:00,17.70319550229878,37.83111942734185,1017.8869195270922
2024-01-25 11:00:00,15.750778152676041,30.302514999125684,994.8069207133527
2024-01-25 12:00:00,24.151679082721227,55.898988566184116,1006.0681317276358
2024-01-25 13:00:00,15.719580870455664,65.92122195799948,994.6434236713797
2024-01-25 14:00:00,20.357831186096963,39.739291863051974,1024.7124578932155
2024-01-25 15:00:00,17.611712766174417,67.08138179185227,1028.8564649288573
2024-01-25 16:00:00,22.39489912873196,32.41069561158243,1020.7956672724038
2024-01-25 17:00:00,21.66831052643474,67.37744107222056,1003.1321395426046
2024-01-25 18:00:00,25.187699721289498,44.06490748958538,1027.820224936158
2024-01-25 19:00:00,17.449918005726264,34.05683313796866,1010.4674508997479
2024-01-25 20:00:00,18.650625323533145,49.43487036745303,1000.8554071924734
2024-01-25 21:00:00,15.106181421088463,40.27106270882032,1003.3559574538831
2024-01-25 22:00:00,17.77853369961944,41.39491607847691,1008.6984336440817
2024-01-25 23:00:00,21.88650246522426,42.29159859705146,1013.495785204847
2024-01-26 00:00:00,23.78494308322676,62.121035913306535,1011.386557883482
2024-01-26 01:00:00,15.389173379111874,51.56645106701018,998.8733158182897
2024-01-26 02:00:00,24.3480296005283,42.45230796624014,1025.1331640918563
2024-01-26 03:00:00,26.778189294024756,54.41335133243673,1011.4939408056316
2024-01-26 04:00:00,35.92330964477499,58.64602696892774,1005.8624614372935
2024-01-26 05:00:00,29.38397906279033,40.90496002934135,1024.1030236198276
2024-01-26 06:00:00,16.131054004482134,46.541964061014056,1001.1659381173347
2024-01-26 07:00:00,13.776726483442914,34.8754437334779,996.7110981642548
2024-01-26 08:00:00,11.106398755478606,37.24597398138721,1025.7248744659873
2024-01-26 09:00:00,27.480221557445915,57.24471415859931,1031.9138784955035
2024-01-26 10:00:00,23.27182828177029,37.25753390782508,1008.379039813486
2024-01-26 11:00:00,19.722076645447725,51.006535346682405,1012.5402999208286
2024-01-26 12:00:00,21.399843131599102,58.36185046889731,1001.533352854791
2024-01-26 13:00:00,14.372554763508116,34.275076923789754,1013.0549255024339
2024-01-26 14:00:00,32.228759898084135,52.692488785156144,1008.242947362688
2024-01-26 15:00:00,20.646105909876137,40.26251134805455,1011.9787155996501
2024-01-26 16:00:00,20.546973973024464,68.5170750095032,1017.0925838759724
2024-01-26 17:00:00,23.62883311949346,49.34182586879699,1002.0185452196915
2024-01-26 18:00:00,22.405046158683568,62.23970199100633,1009.3818866076743
2024-01-26 19:00:00,21.119420121395656,52.00906168625047,994.9621857822182
2024-01-26 20:00:00,16.04762772277344,31.736501314192765,1009.4501271588671
2024-01-26 21:00:00,22.357341785679978,55.326055023760894,1012.06565929083
2024-01-26 22:00:00,29.41012248237517,68.05613368826627,1015.2898242506108
2024-01-26 23:00:00,26.727100230774887,54.06447280585325,1015.3957654036321
2024-01-27 00:00:00,27.965933133196984,62.767554377071605,1022.0392275073685
2024-01-27 01:00:00,36.84043673077916,65.36825853393631,997.6033348072668
2024-01-27 02:00:00,15.051975898707095,39.1231908779573,998.1372297004971
2024-01-27 03:00:00,19.37106539950176,38.48179359632907,1018.2895793639252
2024-01-27 04:00:00,20.278624561443472,54.43923955403967,992.6103872299458
2024-01-27 05:00:00,25.470957592354743,46.44113879226819,1014.83300212105
2024-01-27 06:00:00,11.537676851425903,63.59445211466881,1001.1970706041011
2024-01-27 07:00:00,27.64775159730307,66.00092493592044,1028.7281464091718
2024-01-27 08:00:00,19.209960507105052,44.136855172108724,1015.5045240772778
2024-01-27 09:00:00,17.8655946502629,39.47482235897928,1010.8084398028694
2024-01-27 10:00:00,14.939478123699162,61.221020609754476,1025.2772087713918
2024-01-27 11:00:00,11.725716640671154,40.99224142192544,1002.3659799342905
2024-01-27 12:00:00,24.115852919809573,62.90457274054714,1004.2659036591219
2024-01-27 13:00:00,20.36658983594202,46.94953014595051,1000.3854516634489
2024-01-27 14:00:00,13.55019550129473,56.70199597165882,1004.34960773651
2024-01-27 15:00:00,13.52460613968192,33.82141255338673,1013.6111560936739
2024-01-27 16:00:00,18.32107650354936,54.954372987062925,1017.9395187199372
2024-01-27 17:00:00,28.345107626446964,48.07070714948917,1022.6142168536754
2024-01-27 18:00:00,18.702043243181976,53.46433852701897,994.7527595309926
2024-01-27 19:00:00,12.48428523440947,36.72056830979454,1011.2813701353671
2024-01-27 20:00:00,18.77128467957028,59.47494979776728,1001.918354688092
2024-01-27 21:00:00,18.636382151261646,64.51188310172914,1010.947129085119
2024-01-27 22:00:00,6.515566785292142,38.669592003631024,1036.3416358012705
2024-01-27 23:00:00,19.72852566741094,33.82858222080647,1015.9186176200002
2024-01-28 00:00:00,18.84532734895661,30.945543441853456,1021.9946497114825
2024-01-28 01:00:00,23.48103182406709,55.67886001773064,1032.6069127216106
2024-01-28 02:00:00,29.244780474726724,54.28376144355123,1024.2735824317476
2024-01-28 03:00:00,25.632825147738785,51.8678965085628,1008.5208552031302
2024-01-28 04:00:00,18.655556547225846,39.27788384463902,1000.2416791343006
2024-01-28 05:00:00,14.467370456291649,45.63623983622058,1012.6985573047915
2024-01-28 06:00:00,32.8667990162493,53.77905340744692,1007.3229421578131
2024-01-28 07:00:00,20.29609217007244,49.87067435436678,997.7547871338082
2024-01-28 08:00:00,20.06964645956473,69.51142080859549,1015.4092499728947
2024-01-28 09:00:00,19.879374564449982,35.45759010226932,1015.6588629805933
2024-01-28 10:00:00,20.990423803839274,57.80578216190375,1030.691167002633
2024-01-28 11:00:00,19.278197940380288,46.172750724171685,1009.3823693116319
2024-01-28 12:00:00,17.131689965598817,47.12798459702459,1015.8012138896945
2024-01-28 13:00:00,17.26570529379804,58.70391062632705,1006.3451458530978
2024-01-28 14:00:00,19.836233648920008,57.69744605297478,1021.7316943069346
2024-01-28 15:00:00,17.282876144331176,69.65023974808753,1011.7538220380987
2024-01-28 16:00:00,16.435771086614178,35.135771578165006,1001.2740839114725
2024-01-28 17:00:00,20.532151138459483,34.164385975366656,1012.8652817833485
2024-01-28 18:00:00,18.725113912895722,58.97355268514964,1016.9052289756501
2024-01-28 19:00:00,27.519964942913443,53.13547668025636,1015.5527338741356
2024-01-28 20:00:00,6.745150958034941,40.96642666239224,1023.4589671549587
2024-01-28 21:00:00,25.45753425961231,33.176774759559464,998.5194362795932
2024-01-28 22:00:00,26.230425962488145,33.42632998385722,1004.5725740998506
2024-01-28 23:00:00,9.633048837959253,65.76763498656473,1019.3978733179554
2024-01-29 00:00:00,18.286562029598258,37.67469298874972,1005.7473102203893
2024-01-29 01:00:00,18.142795670021044,42.93486248462083,1015.4047124933021
2024-01-29 02:00:00,12.962441526410894,39.066256089079516,988.8025475258823
2024-01-29 03:00:00,16.110916562045624,44.1998522332775,1040.1594657231287
2024-01-29 04:00:00,14.447120772670857,32.77695370984374,1010.3028146844266
2024-01-29 05:00:00,28.761352217118116,50.76239163633082,1024.9395625998827
2024-01-29 06:00:00,24.678391965737305,32.7045025436886,1009.6310217441651
2024-01-29 07:00:00,26.357775474970794,62.014260312894464,1017.1469852873089
2024-01-29 08:00:00,23.608360320216175,39.34848327641732,1027.9191964634526
2024-01-29 09:00:00,14.354741143913854,51.60047658418043,1024.658060192084
2024-01-29 10:00:00,17.37739866860113,65.20316350245832,1010.9554502031477
2024-01-29 11:00:00,22.44687280613959,56.03509476188776,1011.6474567460631
2024-01-29 12:00:00,13.889360955540273,51.318311462053416,1023.0356656018329
2024-01-29 13:00:00,23.56499215086194,42.973350124615024,1036.332444042853
2024-01-29 14:00:00,18.798373009209325,43.320076522327916,1014.9228267439904
2024-01-29 15:00:00,18.125895962252013,56.7794782079276,1032.5706364054165
2024-01-29 16:00:00,23.554799841017456,69.7655744488467,1010.585855895798
2024-01-29 17:00:00,22.2213165574302,56.47356759397515,1022.5196036350981
2024-01-29 18:00:00,18.1951691709046,52.311336694801,1024.0115576224728
2024-01-29 19:00:00,25.79664901682124,59.22602040956984,1008.9003949614722
2024-01-29 20:00:00,14.594683362000513,48.60822449134872,1005.5292192069836
2024-01-29 21:00:00,23.07967803472132,32.40569370403141,1024.4538918854735
2024-01-29 22:00:00,22.96550628984192,52.491872635116394,1007.6844306275694
2024-01-29 23:00:00,18.452267803430047,68.3050113802152,1004.056500873246
2024-01-30 00:00:00,21.63066511121059,37.01211769430638,1006.160404982009
2024-01-30 01:00:00,13.744432118073485,57.600195632826626,1007.6438666157459
2024-01-30 02:00:00,24.620135096034506,38.037347546362255,1021.5661710462567
2024-01-30 03:00:00,19.075489317785056,51.43310737892325,1018.1504267327618
2024-01-30 04:00:00,17.386384897404803,33.86705798586878,1020.1565824475789
2024-01-30 05:00:00,25.245046129184445,48.014837450327406,1017.2137981109809
2024-01-30 06:00:00,16.478281547286205,60.24653315580984,1007.0615983775336
2024-01-30 07:00:00,12.957693518182202,43.902860969559285,1019.9710285590827
2024-01-30 08:00:00,12.216854132380481,56.59646897948872,1024.824538266053
2024-01-30 09:00:00,23.030049756728197,61.81799843158917,1018.8450321611931
2024-01-30 10:00:00,13.597853237518585,67.08711277917811,1017.4965590662586
2024-01-30 11:00:00,28.77397090992182,39.38568327421814,1005.3294549342933
2024-01-30 12:00:00,9.59035296058139,45.97263663237233,1015.1181707897448
2024-01-30 13:00:00,28.48228184145019,36.0966405332167,1004.797586705513
2024-01-30 14:00:00,21.05508733601309,69.69934008633501,1012.759721419194
2024-01-30 15:00:00,19.516434440648037,67.08003871697181,996.5973336077468
2024-01-30 16:00:00,17.275404565955252,51.59828521122238,996.674415970079
2024-01-30 17:00:00,21.995680571760353,63.68133177505685,1011.0895231005297
2024-01-30 18:00:00,19.81182648787576,50.83831909088168,1007.5156032817301
2024-01-30 19:00:00,25.516509410082605,54.94342752011039,1014.0678719347418
2024-01-30 20:00:00,20.571138243310198,33.56497728464066,1011.6523142088488
2024-01-30 21:00:00,20.75150880730939,60.21081681987232,1013.3019078721015
2024-01-30 22:00:00,18.18193893893072,35.10853934540939,1019.0860744235674
2024-01-30 23:00:00,19.715271881394663,63.04270521010113,1008.3673104433917
2024-01-31 00:00:00,21.539008844460295,61.28112350681543,1010.8055618835514
