temperature,humidity,wind_speed,pressure,uv_index,recorded_at,Predicted_Anomaly
10.1,100.0,7.1,1017.1,0.0,2024-09-25 00:00:00,No
9.4,96.7,1.1,1005.0,0.0,2024-09-25 01:00:00,No
9.7,97.4,7.6,1009.4,0.0,2024-09-25 02:00:00,No
11.1,91.6,0.2,1017.0,0.0,2024-09-25 03:00:00,No
12.8,81.3,6.5,1019.6,0.0,2024-09-25 04:00:00,No
13.7,92.2,3.2,1004.5,0.0,2024-09-25 05:00:00,No
14.6,94.8,2.6,1013.3,1.3,2024-09-25 06:00:00,No
16.7,75.6,3.3,1018.0,1.9,2024-09-25 07:00:00,No
17.9,81.2,2.6,1004.5,4.7,2024-09-25 08:00:00,No
19.1,71.5,9.6,1009.6,6.3,2024-09-25 09:00:00,No
19.4,65.4,2.4,1009.7,6.2,2024-09-25 10:00:00,No
19.1,72.7,8.5,1017.6,6.2,2024-09-25 11:00:00,No
20.2,71.7,1.6,1013.9,8.2,2024-09-25 12:00:00,No
19.7,70.7,0.6,1015.6,10.8,2024-09-25 13:00:00,No
19.4,66.9,7.6,1015.0,7.4,2024-09-25 14:00:00,No
18.6,70.1,2.5,1017.3,6.1,2024-09-25 15:00:00,No
17.2,76.8,0.3,1014.8,2.5,2024-09-25 16:00:00,No
15.7,88.7,1.5,1013.8,1.3,2024-09-25 17:00:00,No
14.6,88.5,5.6,1008.8,0.5,2024-09-25 18:00:00,No
13.6,98.6,8.6,1012.5,0.0,2024-09-25 19:00:00,No
12.7,98.9,6.9,1017.3,0.0,2024-09-25 20:00:00,No
11.5,100.0,8.6,1009.2,0.0,2024-09-25 21:00:00,No
11.2,100.0,9.9,1010.5,0.0,2024-09-25 22:00:00,No
10.9,97.5,1.3,1021.4,0.0,2024-09-25 23:00:00,No
9.8,100.0,2.4,1013.0,0.0,2024-09-26 00:00:00,No
10.4,93.6,4.2,1021.4,0.0,2024-09-26 01:00:00,No
10.3,98.0,1.5,1023.5,0.0,2024-09-26 02:00:00,No
11.1,97.6,4.0,1016.5,0.0,2024-09-26 03:00:00,No
12.5,91.2,4.6,1006.8,0.0,2024-09-26 04:00:00,No
13.9,80.0,4.6,1008.9,0.0,2024-09-26 05:00:00,No
15.0,82.3,3.9,1010.2,2.5,2024-09-26 06:00:00,No
16.4,78.5,0.5,1014.3,1.6,2024-09-26 07:00:00,No
17.7,76.9,7.1,1012.6,3.6,2024-09-26 08:00:00,No
18.4,80.1,7.0,1014.3,4.9,2024-09-26 09:00:00,No
18.9,71.6,1.0,1014.8,7.7,2024-09-26 10:00:00,No
19.7,74.4,1.8,1009.1,7.7,2024-09-26 11:00:00,No
20.5,71.7,6.9,1019.9,7.0,2024-09-26 12:00:00,No
20.3,71.8,7.2,1011.2,8.0,2024-09-26 13:00:00,No
18.6,71.3,2.0,1019.4,6.5,2024-09-26 14:00:00,No
18.6,74.0,2.9,1008.5,6.2,2024-09-26 15:00:00,No
18.2,71.2,2.2,1016.4,2.8,2024-09-26 16:00:00,No
16.8,84.1,8.9,1014.1,1.2,2024-09-26 17:00:00,No
15.9,83.4,3.1,1012.6,0.0,2024-09-26 18:00:00,No
14.6,91.9,2.0,1019.1,0.0,2024-09-26 19:00:00,No
11.8,87.5,3.7,1020.6,0.0,2024-09-26 20:00:00,No
10.9,100.0,6.8,1015.3,0.0,2024-09-26 21:00:00,No
11.3,97.7,3.9,1016.3,0.0,2024-09-26 22:00:00,No
10.1,100.0,3.0,1012.5,0.0,2024-09-26 23:00:00,No
10.3,98.7,2.0,1015.9,0.0,2024-09-27 00:00:00,No
10.3,100.0,2.3,1009.8,0.0,2024-09-27 01:00:00,No
10.1,98.1,7.7,1024.5,0.0,2024-09-27 02:00:00,No
11.3,100.0,7.4,1002.5,0.0,2024-09-27 03:00:00,No
13.0,97.3,7.9,1011.5,0.0,2024-09-27 04:00:00,No
14.0,83.8,1.0,1013.1,0.0,2024-09-27 05:00:00,No
15.6,87.5,2.1,1007.9,0.0,2024-09-27 06:00:00,No
16.1,84.6,2.7,1010.3,2.8,2024-09-27 07:00:00,No
17.3,72.7,3.8,1008.9,4.6,2024-09-27 08:00:00,No
18.8,78.1,0.6,1015.0,4.4,2024-09-27 09:00:00,No
19.9,69.9,4.3,1021.2,6.8,2024-09-27 10:00:00,No
20.0,67.6,7.2,1017.0,7.3,2024-09-27 11:00:00,No
21.1,65.3,3.2,1011.5,7.8,2024-09-27 12:00:00,No
21.0,75.0,5.8,1018.7,7.3,2024-09-27 13:00:00,No
19.4,79.0,6.1,1016.5,4.6,2024-09-27 14:00:00,No
18.2,79.3,7.6,1015.0,4.6,2024-09-27 15:00:00,No
18.8,72.4,5.2,1001.3,3.8,2024-09-27 16:00:00,No
16.6,84.3,8.0,1010.3,3.9,2024-09-27 17:00:00,No
16.1,82.3,8.1,1018.1,0.0,2024-09-27 18:00:00,No
13.6,91.0,7.1,1011.3,0.0,2024-09-27 19:00:00,No
12.7,92.2,0.8,1005.3,0.0,2024-09-27 20:00:00,No
12.2,94.6,2.3,1009.3,0.0,2024-09-27 21:00:00,No
10.6,95.6,3.7,1009.7,0.0,2024-09-27 22:00:00,No
10.2,98.8,4.1,1016.5,0.0,2024-09-27 23:00:00,No
10.2,100.0,9.0,1006.0,0.0,2024-09-28 00:00:00,No
10.8,98.5,7.8,1016.2,0.0,2024-09-28 01:00:00,No
11.1,94.9,9.6,1010.9,0.0,2024-09-28 02:00:00,No
11.7,93.0,1.0,1017.5,0.0,2024-09-28 03:00:00,No
12.0,96.3,4.0,1016.1,0.0,2024-09-28 04:00:00,No
14.5,81.1,5.3,1008.6,0.0,2024-09-28 05:00:00,No
15.1,79.9,6.7,1019.9,0.5,2024-09-28 06:00:00,No
16.1,80.8,7.9,1019.2,1.6,2024-09-28 07:00:00,No
18.6,81.4,7.6,1010.9,3.7,2024-09-28 08:00:00,No
18.9,77.2,4.7,1017.3,8.3,2024-09-28 09:00:00,No
20.1,72.7,6.4,1015.5,6.7,2024-09-28 10:00:00,No
20.5,76.8,3.5,1012.7,6.2,2024-09-28 11:00:00,No
20.0,64.4,4.9,1015.7,7.7,2024-09-28 12:00:00,No
20.4,66.7,0.2,1015.6,7.2,2024-09-28 13:00:00,No
19.9,75.1,7.3,1019.2,6.7,2024-09-28 14:00:00,No
18.2,64.4,9.7,1015.3,4.8,2024-09-28 15:00:00,No
18.0,82.1,9.5,1019.3,3.8,2024-09-28 16:00:00,No
16.8,80.9,3.7,1018.8,2.8,2024-09-28 17:00:00,No
16.5,70.8,9.5,1016.5,0.0,2024-09-28 18:00:00,No
14.3,78.5,5.6,1010.7,0.0,2024-09-28 19:00:00,No
13.1,91.1,6.3,1008.2,0.0,2024-09-28 20:00:00,No
12.2,95.1,0.8,1008.7,0.0,2024-09-28 21:00:00,No
10.9,90.3,9.1,1004.6,0.0,2024-09-28 22:00:00,No
10.5,100.0,0.6,1003.6,0.0,2024-09-28 23:00:00,No
10.3,92.5,5.4,1014.2,0.0,2024-09-29 00:00:00,No
10.9,96.6,2.6,1017.0,0.0,2024-09-29 01:00:00,No
11.3,93.0,5.2,1017.1,0.0,2024-09-29 02:00:00,No
12.4,92.5,9.0,1010.5,0.0,2024-09-29 03:00:00,No
12.4,90.5,7.9,1009.2,0.0,2024-09-29 04:00:00,No
14.4,97.8,0.4,1020.1,0.0,2024-09-29 05:00:00,No
16.4,82.6,4.6,1005.1,0.0,2024-09-29 06:00:00,No
17.3,77.6,3.1,1005.5,1.2,2024-09-29 07:00:00,No
17.7,71.4,4.7,1003.0,2.6,2024-09-29 08:00:00,No
19.1,77.3,5.3,1011.7,6.2,2024-09-29 09:00:00,No
19.8,74.3,5.1,1015.7,7.9,2024-09-29 10:00:00,No
20.9,62.2,6.0,1013.1,5.8,2024-09-29 11:00:00,No
19.8,65.4,7.1,1015.3,7.3,2024-09-29 12:00:00,No
21.0,72.7,1.1,1018.4,6.9,2024-09-29 13:00:00,No
20.5,76.2,3.6,1021.6,6.5,2024-09-29 14:00:00,No
19.7,63.9,6.8,1009.5,4.8,2024-09-29 15:00:00,No
18.4,76.1,3.2,1011.9,3.2,2024-09-29 16:00:00,No
16.4,81.3,6.5,1006.8,2.6,2024-09-29 17:00:00,No
15.7,85.3,5.2,1011.7,0.4,2024-09-29 18:00:00,No
14.2,90.8,1.7,1026.2,0.0,2024-09-29 19:00:00,No
12.8,90.3,9.9,1021.4,0.0,2024-09-29 20:00:00,No
13.0,82.8,6.7,1020.1,0.0,2024-09-29 21:00:00,No
11.0,92.1,3.7,1016.3,0.0,2024-09-29 22:00:00,No
11.1,87.8,1.2,1008.2,0.0,2024-09-29 23:00:00,No
10.8,100.0,1.1,1010.9,0.0,2024-09-30 00:00:00,No
11.1,97.7,6.6,1016.3,0.0,2024-09-30 01:00:00,No
11.9,84.6,8.9,1013.3,0.0,2024-09-30 02:00:00,No
12.9,87.1,0.1,1012.5,0.0,2024-09-30 03:00:00,No
13.4,85.7,5.2,1007.9,0.0,2024-09-30 04:00:00,No
14.8,79.6,2.7,1016.2,0.0,2024-09-30 05:00:00,No
15.4,76.1,3.8,1009.8,2.6,2024-09-30 06:00:00,No
17.1,81.5,3.8,1006.1,1.2,2024-09-30 07:00:00,No
18.5,82.6,5.3,1021.1,3.6,2024-09-30 08:00:00,No
19.4,75.5,6.3,1009.3,5.0,2024-09-30 09:00:00,No
20.3,70.1,8.6,1015.1,5.5,2024-09-30 10:00:00,No
20.2,81.4,3.2,1011.2,7.6,2024-09-30 11:00:00,No
20.9,65.5,9.9,1012.3,7.2,2024-09-30 12:00:00,No
20.9,64.0,10.0,1012.8,7.2,2024-09-30 13:00:00,No
21.1,54.6,7.7,1014.8,6.9,2024-09-30 14:00:00,No
19.1,69.9,8.2,1017.9,6.2,2024-09-30 15:00:00,No
18.6,74.0,7.9,1012.5,3.6,2024-09-30 16:00:00,No
17.2,73.3,7.7,1026.9,0.7,2024-09-30 17:00:00,No
15.4,85.8,8.5,1016.8,0.0,2024-09-30 18:00:00,No
14.8,92.4,3.1,1022.8,0.0,2024-09-30 19:00:00,No
13.0,93.5,1.5,1016.2,0.0,2024-09-30 20:00:00,No
12.1,90.8,6.8,1019.0,0.0,2024-09-30 21:00:00,No
11.6,92.5,6.9,1011.2,0.0,2024-09-30 22:00:00,No
11.3,96.7,7.3,1015.8,0.0,2024-09-30 23:00:00,No
11.2,94.7,6.2,1008.4,0.0,2024-10-01 00:00:00,No
11.0,100.0,5.0,1009.0,0.0,2024-10-01 01:00:00,No
11.4,100.0,8.7,1011.5,0.0,2024-10-01 02:00:00,No
13.3,89.4,4.8,1006.3,0.0,2024-10-01 03:00:00,No
13.6,95.4,9.3,1012.4,0.0,2024-10-01 04:00:00,No
14.0,85.9,7.5,1010.2,0.0,2024-10-01 05:00:00,No
16.3,88.3,1.5,1008.1,0.0,2024-10-01 06:00:00,No
17.4,80.9,8.1,1013.8,0.6,2024-10-01 07:00:00,No
19.6,67.0,0.3,1014.9,3.7,2024-10-01 08:00:00,No
19.2,70.5,5.8,1007.7,6.2,2024-10-01 09:00:00,No
26.1,70.7,0.4,1012.0,7.7,2024-10-01 10:00:00,No
28.2,72.2,6.4,1009.2,7.2,2024-10-01 11:00:00,Yes
30.5,73.2,1.6,1011.5,9.7,2024-10-01 12:00:00,Yes
20.9,77.5,7.7,1015.0,5.3,2024-10-01 13:00:00,No
20.4,59.9,0.5,1012.3,6.4,2024-10-01 14:00:00,No
20.2,79.1,1.2,1019.4,7.2,2024-10-01 15:00:00,No
19.0,80.7,8.2,1018.0,3.7,2024-10-01 16:00:00,No
16.9,78.7,7.8,1018.1,2.0,2024-10-01 17:00:00,No
15.8,88.4,7.5,1007.1,0.0,2024-10-01 18:00:00,No
14.5,99.4,0.8,1016.1,0.0,2024-10-01 19:00:00,No
13.5,89.3,6.9,1018.6,0.0,2024-10-01 20:00:00,No
12.4,94.1,6.2,1021.2,0.0,2024-10-01 21:00:00,No
12.0,94.1,6.5,1015.7,0.0,2024-10-01 22:00:00,No
11.5,95.5,6.9,1013.0,0.0,2024-10-01 23:00:00,No
11.0,97.2,6.4,999.1,0.0,2024-10-02 00:00:00,No
10.8,88.6,4.3,1013.5,0.0,2024-10-02 01:00:00,No
11.9,92.5,5.2,1012.2,0.0,2024-10-02 02:00:00,No
12.5,95.4,6.6,1015.2,0.0,2024-10-02 03:00:00,No
13.1,82.5,1.9,1014.9,0.0,2024-10-02 04:00:00,No
14.9,92.3,2.2,1013.6,0.0,2024-10-02 05:00:00,No
15.9,79.6,7.2,1006.2,0.0,2024-10-02 06:00:00,No
16.8,81.2,0.3,1012.8,2.1,2024-10-02 07:00:00,No
18.6,79.3,1.9,1012.4,4.7,2024-10-02 08:00:00,No
19.5,71.7,8.3,1016.1,6.0,2024-10-02 09:00:00,No
20.5,64.2,1.2,1010.9,7.5,2024-10-02 10:00:00,No
21.1,60.3,3.9,1014.8,8.1,2024-10-02 11:00:00,No
24.0,61.7,5.8,1013.7,8.5,2024-10-02 12:00:00,No
25.0,65.3,4.3,1008.5,6.7,2024-10-02 13:00:00,No
29.0,67.5,1.4,1015.6,7.8,2024-10-02 14:00:00,Yes
20.4,77.2,1.1,1009.4,6.6,2024-10-02 15:00:00,No
18.8,64.7,3.9,1011.3,4.6,2024-10-02 16:00:00,No
17.5,71.9,5.7,1011.9,1.9,2024-10-02 17:00:00,No
16.9,75.7,7.8,1013.1,0.7,2024-10-02 18:00:00,No
14.9,91.9,7.4,1012.3,0.0,2024-10-02 19:00:00,No
14.2,92.2,4.9,1016.5,0.0,2024-10-02 20:00:00,No
12.4,95.1,0.2,1009.4,0.0,2024-10-02 21:00:00,No
12.0,90.2,9.1,1012.4,0.0,2024-10-02 22:00:00,No
12.0,97.0,2.4,1013.7,0.0,2024-10-02 23:00:00,No
10.9,100.0,7.3,1010.3,0.0,2024-10-03 00:00:00,No
10.4,94.0,3.0,1017.1,0.0,2024-10-03 01:00:00,No
10.6,84.9,0.1,1011.6,0.0,2024-10-03 02:00:00,No
12.3,98.6,2.8,1003.4,0.0,2024-10-03 03:00:00,No
14.2,87.9,2.9,1009.4,0.0,2024-10-03 04:00:00,No
14.5,83.1,9.7,1020.5,0.0,2024-10-03 05:00:00,No
16.8,85.5,7.7,1009.6,0.0,2024-10-03 06:00:00,No
17.3,84.1,3.3,1011.0,2.2,2024-10-03 07:00:00,No
17.9,80.6,8.5,1015.9,2.8,2024-10-03 08:00:00,No
20.6,61.5,4.5,1015.0,4.5,2024-10-03 09:00:00,No
19.5,74.2,6.8,1011.1,6.0,2024-10-03 10:00:00,No
21.2,60.5,8.2,1011.3,7.5,2024-10-03 11:00:00,No
27.0,58.4,7.9,1015.4,7.0,2024-10-03 12:00:00,No
30.0,63.4,4.5,1007.8,7.4,2024-10-03 13:00:00,Yes
31.0,63.5,1.8,1013.9,7.8,2024-10-03 14:00:00,Yes
19.5,74.6,7.3,1009.7,5.9,2024-10-03 15:00:00,No
18.8,70.5,6.0,1015.0,6.5,2024-10-03 16:00:00,No
17.6,81.6,4.1,1009.9,3.0,2024-10-03 17:00:00,No
16.5,84.8,2.3,1010.7,0.0,2024-10-03 18:00:00,No
14.7,81.2,7.4,1010.9,0.0,2024-10-03 19:00:00,No
14.4,89.7,7.7,1005.7,0.0,2024-10-03 20:00:00,No
13.0,86.6,3.6,1014.9,0.0,2024-10-03 21:00:00,No
11.9,96.2,6.4,1019.8,0.0,2024-10-03 22:00:00,No
11.6,99.2,1.9,1021.7,0.0,2024-10-03 23:00:00,No
11.7,89.2,8.8,1009.5,0.0,2024-10-04 00:00:00,No
11.6,97.3,10.0,1015.2,0.0,2024-10-04 01:00:00,No
12.0,90.3,3.3,1014.2,0.0,2024-10-04 02:00:00,No
12.3,100.0,2.6,1023.4,0.0,2024-10-04 03:00:00,No
14.0,79.2,6.1,1014.1,0.0,2024-10-04 04:00:00,No
14.7,90.5,4.5,1012.8,0.0,2024-10-04 05:00:00,No
17.4,73.4,9.1,1020.0,0.0,2024-10-04 06:00:00,No
16.5,74.0,5.0,1022.3,1.6,2024-10-04 07:00:00,No
19.7,66.5,2.5,1015.9,4.0,2024-10-04 08:00:00,No
20.2,71.3,1.9,1006.0,4.9,2024-10-04 09:00:00,No
20.0,80.8,8.8,1021.7,7.1,2024-10-04 10:00:00,No
20.6,59.8,1.1,1016.4,7.6,2024-10-04 11:00:00,No
21.9,52.5,8.1,1008.3,7.8,2024-10-04 12:00:00,No
20.7,76.9,4.7,1009.4,8.5,2024-10-04 13:00:00,No
20.1,68.0,1.2,1015.5,9.2,2024-10-04 14:00:00,No
19.0,64.2,4.8,1012.3,5.8,2024-10-04 15:00:00,No
19.8,73.6,2.0,1015.5,4.0,2024-10-04 16:00:00,No
17.7,69.5,5.7,1003.9,2.3,2024-10-04 17:00:00,No
17.6,62.4,6.0,1012.7,0.0,2024-10-04 18:00:00,No
16.6,80.0,6.8,1007.1,0.0,2024-10-04 19:00:00,No
14.1,87.5,9.3,1014.6,0.0,2024-10-04 20:00:00,No
13.6,90.1,4.4,1011.2,0.0,2024-10-04 21:00:00,No
12.3,93.9,5.2,1007.5,0.0,2024-10-04 22:00:00,No
12.1,94.4,9.8,1012.8,0.0,2024-10-04 23:00:00,No
11.5,100.0,8.3,1013.0,0.0,2024-10-05 00:00:00,No
11.8,90.2,2.2,1015.7,0.0,2024-10-05 01:00:00,No
12.2,89.6,2.4,1013.3,0.0,2024-10-05 02:00:00,No
12.2,91.1,9.8,1014.6,0.0,2024-10-05 03:00:00,No
13.7,92.5,2.9,1020.5,0.0,2024-10-05 04:00:00,No
15.6,84.7,9.2,1008.4,0.0,2024-10-05 05:00:00,No
16.2,79.8,2.8,1005.4,0.0,2024-10-05 06:00:00,No
17.6,77.1,2.2,1009.5,2.1,2024-10-05 07:00:00,No
19.6,70.3,5.1,1012.3,3.8,2024-10-05 08:00:00,No
20.6,65.3,0.6,1012.4,6.6,2024-10-05 09:00:00,No
21.1,68.6,6.6,1014.7,9.1,2024-10-05 10:00:00,No
21.2,51.9,6.5,1014.9,6.3,2024-10-05 11:00:00,No
22.4,70.2,6.3,1021.1,8.5,2024-10-05 12:00:00,No
21.3,71.6,2.7,1016.2,7.3,2024-10-05 13:00:00,No
20.5,64.7,5.1,1014.4,7.4,2024-10-05 14:00:00,No
20.5,74.6,1.9,1014.7,5.7,2024-10-05 15:00:00,No
19.5,77.2,9.7,1016.4,3.0,2024-10-05 16:00:00,No
18.5,74.6,0.5,1013.6,3.8,2024-10-05 17:00:00,No
16.1,84.0,5.4,1008.4,0.0,2024-10-05 18:00:00,No
15.6,86.4,5.4,1004.5,0.0,2024-10-05 19:00:00,No
13.3,92.0,6.4,1022.6,0.0,2024-10-05 20:00:00,No
13.0,86.6,9.0,1008.3,0.0,2024-10-05 21:00:00,No
12.3,98.9,0.3,1009.3,0.0,2024-10-05 22:00:00,No
11.5,95.5,5.7,1010.6,0.0,2024-10-05 23:00:00,No
11.9,91.8,3.8,1014.2,0.0,2024-10-06 00:00:00,No
11.1,100.0,1.6,1013.5,0.0,2024-10-06 01:00:00,No
12.3,86.2,0.4,1015.4,0.0,2024-10-06 02:00:00,No
13.4,85.7,5.7,1009.2,0.0,2024-10-06 03:00:00,No
13.8,90.1,8.9,1011.5,0.0,2024-10-06 04:00:00,No
15.3,86.4,4.0,1021.9,0.0,2024-10-06 05:00:00,No
17.6,77.2,2.2,1004.6,0.0,2024-10-06 06:00:00,No
17.9,66.3,9.2,1010.5,2.9,2024-10-06 07:00:00,No
19.4,73.7,8.1,1013.2,2.6,2024-10-06 08:00:00,No
20.8,63.0,9.6,1014.1,4.3,2024-10-06 09:00:00,No
21.5,59.4,3.0,1024.0,7.4,2024-10-06 10:00:00,No
21.8,62.7,8.8,1013.6,7.2,2024-10-06 11:00:00,No
22.3,59.0,6.2,1016.2,7.5,2024-10-06 12:00:00,No
22.3,64.5,7.8,1003.7,7.9,2024-10-06 13:00:00,No
21.2,68.2,7.6,1016.6,6.3,2024-10-06 14:00:00,No
19.9,69.6,1.2,1013.3,5.2,2024-10-06 15:00:00,No
18.8,80.1,9.4,1010.4,4.3,2024-10-06 16:00:00,No
17.8,83.5,8.3,1009.5,1.1,2024-10-06 17:00:00,No
17.3,89.0,10.0,1014.5,0.4,2024-10-06 18:00:00,No
16.2,87.2,4.6,1009.9,0.0,2024-10-06 19:00:00,No
14.8,87.4,2.7,1002.8,0.0,2024-10-06 20:00:00,No
13.0,90.7,7.8,1006.8,0.0,2024-10-06 21:00:00,No
12.6,89.0,8.8,1014.6,0.0,2024-10-06 22:00:00,No
11.8,95.0,6.3,1013.5,0.0,2024-10-06 23:00:00,No
12.8,92.9,0.0,1015.3,0.0,2024-10-07 00:00:00,No
12.3,89.7,1.0,1014.4,0.0,2024-10-07 01:00:00,No
11.7,100.0,0.5,1009.4,0.0,2024-10-07 02:00:00,No
13.4,94.5,5.8,1011.8,0.0,2024-10-07 03:00:00,No
15.2,81.8,6.0,1013.4,0.0,2024-10-07 04:00:00,No
15.8,86.2,6.0,1009.7,0.0,2024-10-07 05:00:00,No
17.0,74.4,5.6,1014.9,0.0,2024-10-07 06:00:00,No
18.5,83.2,7.9,1002.8,2.8,2024-10-07 07:00:00,No
19.1,71.0,8.1,1005.2,3.3,2024-10-07 08:00:00,No
20.3,63.5,1.7,1010.2,5.3,2024-10-07 09:00:00,No
22.3,62.2,0.4,1017.2,7.3,2024-10-07 10:00:00,No
22.6,69.5,4.1,1017.4,6.7,2024-10-07 11:00:00,No
22.8,67.0,5.1,1010.0,8.5,2024-10-07 12:00:00,No
21.9,69.2,2.8,1026.2,7.7,2024-10-07 13:00:00,No
21.1,71.6,3.7,1024.5,5.6,2024-10-07 14:00:00,No
20.6,70.2,8.5,1012.3,6.2,2024-10-07 15:00:00,No
20.3,72.0,8.8,1020.5,4.4,2024-10-07 16:00:00,No
18.8,79.8,5.6,1010.5,2.8,2024-10-07 17:00:00,No
17.8,72.6,3.5,1012.1,0.0,2024-10-07 18:00:00,No
15.5,88.5,6.2,1005.5,0.0,2024-10-07 19:00:00,No
13.5,91.5,1.5,1009.4,0.0,2024-10-07 20:00:00,No
13.1,92.4,2.9,1009.9,0.0,2024-10-07 21:00:00,No
11.6,96.1,8.8,1019.3,0.0,2024-10-07 22:00:00,No
12.0,84.4,0.8,1012.3,0.0,2024-10-07 23:00:00,No
12.4,100.0,3.4,1019.1,0.0,2024-10-08 00:00:00,No
11.4,94.6,1.8,1013.6,0.0,2024-10-08 01:00:00,No
12.5,97.0,8.4,1017.5,0.0,2024-10-08 02:00:00,No
13.8,83.2,6.7,1014.5,0.0,2024-10-08 03:00:00,No
14.6,94.1,6.1,1016.9,0.0,2024-10-08 04:00:00,No
15.8,80.3,9.9,1003.1,0.0,2024-10-08 05:00:00,No
17.4,67.7,9.7,1017.1,0.1,2024-10-08 06:00:00,No
18.0,71.8,3.9,1010.9,1.8,2024-10-08 07:00:00,No
19.8,67.7,1.4,1009.6,4.1,2024-10-08 08:00:00,No
21.1,70.4,5.8,1012.0,5.3,2024-10-08 09:00:00,No
21.5,67.0,5.3,1013.8,8.0,2024-10-08 10:00:00,No
21.8,68.5,2.2,1002.5,5.7,2024-10-08 11:00:00,No
22.5,52.2,6.4,1011.9,8.3,2024-10-08 12:00:00,No
22.9,57.5,7.9,1014.1,7.4,2024-10-08 13:00:00,No
21.6,60.0,0.5,1012.6,5.7,2024-10-08 14:00:00,No
20.6,60.7,1.9,1020.7,4.5,2024-10-08 15:00:00,No
20.1,76.6,8.7,1014.6,3.4,2024-10-08 16:00:00,No
17.4,76.5,5.7,1008.4,1.7,2024-10-08 17:00:00,No
16.7,71.4,2.9,1019.5,0.0,2024-10-08 18:00:00,No
16.0,80.8,7.6,1016.3,0.0,2024-10-08 19:00:00,No
15.0,87.5,1.0,1011.7,0.0,2024-10-08 20:00:00,No
13.2,91.8,4.5,1010.0,0.0,2024-10-08 21:00:00,No
12.9,87.7,5.9,1018.5,0.0,2024-10-08 22:00:00,No
12.5,93.7,1.1,1011.8,0.0,2024-10-08 23:00:00,No
11.9,98.6,5.7,1017.0,0.0,2024-10-09 00:00:00,No
11.9,95.5,9.5,1007.8,0.0,2024-10-09 01:00:00,No
13.2,88.2,1.9,1005.0,0.0,2024-10-09 02:00:00,No
12.7,94.6,9.3,1019.9,0.0,2024-10-09 03:00:00,No
14.8,78.5,1.9,1011.6,0.0,2024-10-09 04:00:00,No
16.7,74.6,7.0,1016.5,0.0,2024-10-09 05:00:00,No
17.6,72.2,9.3,1015.8,0.0,2024-10-09 06:00:00,No
18.3,72.7,8.6,1011.4,2.3,2024-10-09 07:00:00,No
19.8,75.7,0.1,1013.1,3.1,2024-10-09 08:00:00,No
21.2,62.2,6.0,1012.4,4.7,2024-10-09 09:00:00,No
21.3,67.7,3.2,1015.6,7.4,2024-10-09 10:00:00,No
22.7,70.6,9.8,1012.7,7.9,2024-10-09 11:00:00,No
22.2,68.4,2.9,1012.8,9.6,2024-10-09 12:00:00,No
22.2,69.5,7.8,1003.8,8.4,2024-10-09 13:00:00,No
21.5,83.0,8.4,1004.2,6.0,2024-10-09 14:00:00,No
21.2,68.8,0.7,1023.6,6.0,2024-10-09 15:00:00,No
19.5,73.2,6.7,1025.0,4.3,2024-10-09 16:00:00,No
18.6,64.5,7.7,1011.0,2.0,2024-10-09 17:00:00,No
17.3,77.0,5.5,1012.0,0.1,2024-10-09 18:00:00,No
15.7,78.3,8.6,1007.7,0.0,2024-10-09 19:00:00,No
14.8,87.8,9.8,1017.3,0.0,2024-10-09 20:00:00,No
14.7,72.3,8.5,1013.7,0.0,2024-10-09 21:00:00,No
12.7,94.1,5.6,1015.3,0.0,2024-10-09 22:00:00,No
12.3,93.7,0.6,1023.7,0.0,2024-10-09 23:00:00,No
12.9,98.5,6.6,1011.7,0.0,2024-10-10 00:00:00,No
13.2,92.2,8.7,1017.7,0.0,2024-10-10 01:00:00,No
12.0,98.9,3.1,1018.4,0.0,2024-10-10 02:00:00,No
14.1,91.7,6.4,1006.0,0.0,2024-10-10 03:00:00,No
15.2,89.3,6.1,1007.1,0.0,2024-10-10 04:00:00,No
16.5,76.2,6.8,1012.4,0.0,2024-10-10 05:00:00,No
17.7,76.9,4.2,1008.8,0.0,2024-10-10 06:00:00,No
19.4,76.1,1.1,1007.5,2.2,2024-10-10 07:00:00,No
19.9,62.7,0.5,1015.5,2.9,2024-10-10 08:00:00,No
21.0,66.1,1.2,1013.7,7.3,2024-10-10 09:00:00,No
21.5,65.2,8.1,1016.9,5.4,2024-10-10 10:00:00,No
21.8,59.3,6.6,1017.0,10.0,2024-10-10 11:00:00,No
21.5,75.6,1.4,1015.0,7.3,2024-10-10 12:00:00,No
22.3,55.9,4.8,1013.0,5.5,2024-10-10 13:00:00,No
21.5,57.4,8.6,1002.8,7.5,2024-10-10 14:00:00,No
20.9,62.9,2.2,1013.6,7.5,2024-10-10 15:00:00,No
19.4,73.0,8.4,1012.7,4.6,2024-10-10 16:00:00,No
19.2,70.2,8.3,1008.4,1.8,2024-10-10 17:00:00,No
17.9,77.3,5.6,1017.8,0.0,2024-10-10 18:00:00,No
16.8,78.1,8.4,1017.1,0.0,2024-10-10 19:00:00,No
14.2,87.3,6.0,1013.7,0.0,2024-10-10 20:00:00,No
14.2,83.5,7.8,1003.5,0.0,2024-10-10 21:00:00,No
14.5,83.7,2.0,1006.8,0.0,2024-10-10 22:00:00,No
12.3,97.1,1.5,1009.4,0.0,2024-10-10 23:00:00,No
12.7,94.2,6.2,1007.2,0.0,2024-10-11 00:00:00,No
12.9,92.6,3.0,1008.4,0.0,2024-10-11 01:00:00,No
13.5,95.4,5.0,1021.0,0.0,2024-10-11 02:00:00,No
14.3,93.3,2.8,1013.8,0.0,2024-10-11 03:00:00,No
14.4,89.1,5.9,1007.9,0.0,2024-10-11 04:00:00,No
17.6,73.2,0.5,1006.8,0.0,2024-10-11 05:00:00,No
18.5,73.7,5.5,1010.7,2.8,2024-10-11 06:00:00,No
19.0,70.6,9.4,1019.9,1.6,2024-10-11 07:00:00,No
19.9,63.6,6.6,1014.0,3.2,2024-10-11 08:00:00,No
21.0,70.8,2.1,1015.1,5.3,2024-10-11 09:00:00,No
21.7,48.5,4.1,1017.8,7.4,2024-10-11 10:00:00,No
22.3,61.3,3.1,1009.2,6.1,2024-10-11 11:00:00,No
22.5,60.9,6.8,1005.8,6.8,2024-10-11 12:00:00,No
22.0,60.1,6.1,1022.7,6.4,2024-10-11 13:00:00,No
22.5,67.0,8.4,1010.4,7.7,2024-10-11 14:00:00,No
20.9,78.4,8.8,1008.4,6.5,2024-10-11 15:00:00,No
20.4,62.3,1.3,1006.2,2.9,2024-10-11 16:00:00,No
18.9,71.1,9.6,1009.7,1.1,2024-10-11 17:00:00,No
16.8,83.1,1.5,1020.8,1.3,2024-10-11 18:00:00,No
16.5,84.2,8.8,1010.9,0.0,2024-10-11 19:00:00,No
15.5,81.6,3.9,1015.1,0.0,2024-10-11 20:00:00,No
14.6,88.8,8.2,1009.2,0.0,2024-10-11 21:00:00,No
13.0,93.8,2.3,1016.3,0.0,2024-10-11 22:00:00,No
12.8,97.8,3.2,1017.1,0.0,2024-10-11 23:00:00,No
12.0,89.2,9.3,1004.1,0.0,2024-10-12 00:00:00,No
12.6,97.7,5.9,1010.4,0.0,2024-10-12 01:00:00,No
12.8,88.5,9.9,1019.4,0.0,2024-10-12 02:00:00,No
12.6,92.8,0.8,1007.6,0.0,2024-10-12 03:00:00,No
14.4,85.5,0.9,1012.4,0.0,2024-10-12 04:00:00,No
15.6,80.9,2.2,1012.5,0.0,2024-10-12 05:00:00,No
17.8,67.3,4.8,1010.8,0.0,2024-10-12 06:00:00,No
19.1,71.4,8.1,1018.6,2.1,2024-10-12 07:00:00,No
19.9,60.1,0.3,1015.4,5.9,2024-10-12 08:00:00,No
21.4,66.5,8.3,1009.2,5.1,2024-10-12 09:00:00,No
21.5,66.4,8.7,1015.1,5.8,2024-10-12 10:00:00,No
22.2,60.5,4.0,1015.3,7.6,2024-10-12 11:00:00,No
22.7,56.8,3.9,1014.5,7.8,2024-10-12 12:00:00,No
22.1,71.3,1.5,1015.1,7.1,2024-10-12 13:00:00,No
22.3,70.7,7.1,1004.6,6.2,2024-10-12 14:00:00,No
21.5,71.0,5.5,1010.3,4.9,2024-10-12 15:00:00,No
20.6,64.8,3.1,1011.0,4.7,2024-10-12 16:00:00,No
19.3,71.1,7.4,1011.4,1.6,2024-10-12 17:00:00,No
17.9,74.7,6.0,1018.4,2.4,2024-10-12 18:00:00,No
17.3,80.4,6.2,1005.7,0.0,2024-10-12 19:00:00,No
15.8,87.5,2.3,1015.0,0.0,2024-10-12 20:00:00,No
14.2,87.3,2.3,1012.8,0.0,2024-10-12 21:00:00,No
13.8,97.7,1.3,1026.9,0.0,2024-10-12 22:00:00,No
13.7,91.6,2.0,1007.9,0.0,2024-10-12 23:00:00,No
12.5,86.7,7.4,1015.5,0.0,2024-10-13 00:00:00,No
12.5,95.8,3.2,1005.4,0.0,2024-10-13 01:00:00,No
13.5,87.2,8.0,1013.2,0.0,2024-10-13 02:00:00,No
14.3,85.1,9.4,1014.1,0.0,2024-10-13 03:00:00,No
15.7,76.4,3.5,1015.4,0.0,2024-10-13 04:00:00,No
17.7,71.3,6.2,1015.8,0.0,2024-10-13 05:00:00,No
17.7,82.4,3.7,1009.8,0.7,2024-10-13 06:00:00,No
19.7,68.5,5.3,1006.7,2.5,2024-10-13 07:00:00,No
21.2,65.6,3.2,1008.2,4.6,2024-10-13 08:00:00,No
21.9,63.2,6.9,1016.1,6.5,2024-10-13 09:00:00,No
22.0,72.2,7.0,1006.8,5.8,2024-10-13 10:00:00,No
22.8,53.7,0.2,1007.3,7.7,2024-10-13 11:00:00,No
22.7,63.7,3.7,1011.0,9.4,2024-10-13 12:00:00,No
23.1,66.2,6.2,1018.9,7.4,2024-10-13 13:00:00,No
23.5,56.7,1.5,1013.9,6.8,2024-10-13 14:00:00,No
22.2,75.3,1.3,1015.1,3.5,2024-10-13 15:00:00,No
20.6,77.7,7.8,1018.9,4.7,2024-10-13 16:00:00,No
19.7,75.6,1.1,1009.4,1.8,2024-10-13 17:00:00,No
19.2,73.6,4.4,1009.2,0.0,2024-10-13 18:00:00,No
17.0,77.7,6.2,1014.5,0.0,2024-10-13 19:00:00,No
15.8,80.4,4.7,1007.3,0.0,2024-10-13 20:00:00,No
15.3,84.8,0.3,1018.1,0.0,2024-10-13 21:00:00,No
14.4,84.0,1.8,1009.0,0.0,2024-10-13 22:00:00,No
12.6,100.0,3.8,1016.1,0.0,2024-10-13 23:00:00,No
13.1,82.8,8.1,1010.1,0.0,2024-10-14 00:00:00,No
12.5,94.6,3.3,1020.5,0.0,2024-10-14 01:00:00,No
14.1,94.9,1.0,1014.1,0.0,2024-10-14 02:00:00,No
14.5,83.4,4.4,1014.9,0.0,2024-10-14 03:00:00,No
15.7,83.3,6.7,1005.9,0.0,2024-10-14 04:00:00,No
16.4,81.9,4.0,1007.0,0.0,2024-10-14 05:00:00,No
17.7,77.2,2.5,1010.9,0.0,2024-10-14 06:00:00,No
19.1,66.8,9.2,1014.0,1.8,2024-10-14 07:00:00,No
21.3,66.0,2.7,1015.2,4.0,2024-10-14 08:00:00,No
22.2,64.3,5.1,1003.4,6.0,2024-10-14 09:00:00,No
22.4,57.5,8.8,1017.7,7.4,2024-10-14 10:00:00,No
23.2,56.6,6.9,1015.2,9.3,2024-10-14 11:00:00,No
23.0,66.2,0.5,1016.7,8.5,2024-10-14 12:00:00,No
23.4,58.8,7.8,1011.3,7.4,2024-10-14 13:00:00,No
23.4,61.5,8.4,1012.3,8.0,2024-10-14 14:00:00,No
21.7,61.0,7.8,1010.1,4.4,2024-10-14 15:00:00,No
20.3,71.1,3.1,1014.8,2.8,2024-10-14 16:00:00,No
19.1,72.6,1.4,1011.0,1.8,2024-10-14 17:00:00,No
18.2,74.1,4.5,1008.2,0.0,2024-10-14 18:00:00,No
16.6,79.6,7.0,1016.2,0.0,2024-10-14 19:00:00,No
16.2,81.6,1.7,1018.6,0.0,2024-10-14 20:00:00,No
15.0,85.4,9.9,1008.5,0.0,2024-10-14 21:00:00,No
13.2,88.2,8.0,1011.2,0.0,2024-10-14 22:00:00,No
13.3,90.9,6.4,1019.3,0.0,2024-10-14 23:00:00,No
13.5,100.0,3.0,1017.5,0.0,2024-10-15 00:00:00,No
13.7,81.6,7.1,1018.3,0.0,2024-10-15 01:00:00,No
13.4,92.7,2.4,1012.9,0.0,2024-10-15 02:00:00,No
14.1,95.3,2.9,1013.2,0.0,2024-10-15 03:00:00,No
16.4,84.7,5.2,1006.1,0.0,2024-10-15 04:00:00,No
16.8,85.4,7.7,1011.0,0.0,2024-10-15 05:00:00,No
17.8,78.6,4.0,1014.8,1.2,2024-10-15 06:00:00,No
19.6,72.8,3.3,1010.2,2.7,2024-10-15 07:00:00,No
20.6,62.5,4.4,1006.9,4.3,2024-10-15 08:00:00,No
21.5,72.9,8.3,1011.3,7.7,2024-10-15 09:00:00,No
21.6,64.4,0.3,1011.1,5.0,2024-10-15 10:00:00,No
23.5,55.3,0.3,1006.2,8.2,2024-10-15 11:00:00,No
23.7,65.6,0.5,1015.8,7.6,2024-10-15 12:00:00,No
22.4,62.5,3.8,1015.5,6.4,2024-10-15 13:00:00,No
23.4,57.8,3.3,1020.6,5.7,2024-10-15 14:00:00,No
21.9,71.7,3.9,1012.1,7.8,2024-10-15 15:00:00,No
20.4,69.9,1.7,1018.4,4.5,2024-10-15 16:00:00,No
19.3,79.5,1.7,1010.6,1.7,2024-10-15 17:00:00,No
19.3,71.3,4.4,1008.0,0.0,2024-10-15 18:00:00,No
17.4,77.8,3.0,1019.3,0.0,2024-10-15 19:00:00,No
15.1,92.5,3.3,1017.9,0.0,2024-10-15 20:00:00,No
15.5,87.6,3.8,1007.5,0.0,2024-10-15 21:00:00,No
14.0,93.4,3.7,1016.0,0.0,2024-10-15 22:00:00,No
13.8,84.5,3.6,1017.7,0.0,2024-10-15 23:00:00,No
13.5,91.4,4.1,1015.6,0.0,2024-10-16 00:00:00,No
13.9,90.6,2.8,1013.7,0.0,2024-10-16 01:00:00,No
13.4,92.4,5.3,1010.6,0.0,2024-10-16 02:00:00,No
13.9,90.3,3.2,1016.0,0.0,2024-10-16 03:00:00,No
16.0,66.6,8.3,1009.2,0.0,2024-10-16 04:00:00,No
16.4,78.5,7.6,1011.1,0.0,2024-10-16 05:00:00,No
18.9,70.4,3.4,1016.4,0.0,2024-10-16 06:00:00,No
19.8,70.9,2.8,1004.9,2.9,2024-10-16 07:00:00,No
21.8,67.7,1.7,1015.2,5.3,2024-10-16 08:00:00,No
21.9,63.5,7.1,1017.2,5.0,2024-10-16 09:00:00,No
22.2,59.0,6.8,1008.8,8.6,2024-10-16 10:00:00,No
23.7,59.1,9.4,1008.5,6.0,2024-10-16 11:00:00,No
23.1,60.3,5.4,1015.1,5.8,2024-10-16 12:00:00,No
24.5,55.7,2.4,1014.3,8.2,2024-10-16 13:00:00,No
22.3,63.0,9.3,1017.9,8.4,2024-10-16 14:00:00,No
22.1,60.0,5.1,1011.2,5.5,2024-10-16 15:00:00,No
21.1,65.3,6.4,1007.4,3.4,2024-10-16 16:00:00,No
21.0,68.0,1.9,1020.8,3.7,2024-10-16 17:00:00,No
18.8,67.7,3.5,1011.7,0.7,2024-10-16 18:00:00,No
17.0,72.3,2.7,1020.2,0.0,2024-10-16 19:00:00,No
16.2,80.8,5.8,1014.7,0.0,2024-10-16 20:00:00,No
15.0,78.3,2.1,1011.1,0.0,2024-10-16 21:00:00,No
14.5,89.8,0.3,1006.9,0.0,2024-10-16 22:00:00,No
13.4,89.8,3.8,1014.2,0.0,2024-10-16 23:00:00,No
13.4,87.5,4.7,1018.1,0.0,2024-10-17 00:00:00,No
13.3,90.6,3.7,1019.4,0.0,2024-10-17 01:00:00,No
15.0,85.0,3.0,1012.4,0.0,2024-10-17 02:00:00,No
14.8,89.6,9.7,1007.9,0.0,2024-10-17 03:00:00,No
15.8,80.1,9.7,1013.9,0.0,2024-10-17 04:00:00,No
16.8,86.4,8.0,1013.1,0.0,2024-10-17 05:00:00,No
18.5,70.9,3.4,1016.6,1.0,2024-10-17 06:00:00,No
20.2,70.9,6.0,1012.8,3.5,2024-10-17 07:00:00,No
21.3,66.9,3.9,1014.3,3.9,2024-10-17 08:00:00,No
21.7,61.8,7.5,1005.7,4.2,2024-10-17 09:00:00,No
22.9,47.0,8.0,1007.3,6.0,2024-10-17 10:00:00,No
23.1,61.8,7.4,1026.6,9.1,2024-10-17 11:00:00,No
23.2,66.1,1.8,1019.3,10.3,2024-10-17 12:00:00,No
23.4,53.6,9.8,1011.3,5.9,2024-10-17 13:00:00,No
22.7,57.8,4.8,1014.4,7.6,2024-10-17 14:00:00,No
21.9,64.9,5.5,1016.7,5.0,2024-10-17 15:00:00,No
21.0,62.3,7.7,1015.2,2.9,2024-10-17 16:00:00,No
19.6,74.5,3.8,1022.9,0.1,2024-10-17 17:00:00,No
19.3,69.2,5.2,1011.6,0.5,2024-10-17 18:00:00,No
17.1,78.7,9.3,1018.8,0.0,2024-10-17 19:00:00,No
16.3,79.7,0.5,1008.3,0.0,2024-10-17 20:00:00,No
14.0,96.3,3.1,1010.5,0.0,2024-10-17 21:00:00,No
14.1,91.8,3.4,1015.9,0.0,2024-10-17 22:00:00,No
13.9,93.4,8.2,1009.2,0.0,2024-10-17 23:00:00,No
13.8,92.2,5.6,1017.1,0.0,2024-10-18 00:00:00,No
13.9,86.6,2.1,1012.7,0.0,2024-10-18 01:00:00,No
13.7,93.1,7.2,1013.6,0.0,2024-10-18 02:00:00,No
15.5,85.9,7.8,1008.5,0.0,2024-10-18 03:00:00,No
16.6,75.0,3.4,1010.2,0.0,2024-10-18 04:00:00,No
16.9,73.1,2.1,1015.0,0.0,2024-10-18 05:00:00,No
18.7,68.8,4.9,1009.5,0.0,2024-10-18 06:00:00,No
20.4,79.4,2.5,1011.4,3.8,2024-10-18 07:00:00,No
20.6,60.3,7.0,1018.9,3.6,2024-10-18 08:00:00,No
22.2,70.9,5.7,1014.4,4.8,2024-10-18 09:00:00,No
24.0,56.0,8.6,1020.8,7.4,2024-10-18 10:00:00,No
23.3,54.3,1.7,1018.0,7.4,2024-10-18 11:00:00,No
23.8,46.0,5.0,1012.3,6.5,2024-10-18 12:00:00,No
23.0,60.3,5.5,1015.3,9.3,2024-10-18 13:00:00,No
22.5,62.1,4.6,1014.0,6.1,2024-10-18 14:00:00,No
22.1,64.3,7.3,1025.4,6.2,2024-10-18 15:00:00,No
21.2,65.6,3.0,1020.4,3.2,2024-10-18 16:00:00,No
20.3,70.4,5.8,1013.8,0.2,2024-10-18 17:00:00,No
18.3,78.1,4.5,1009.5,0.0,2024-10-18 18:00:00,No
18.0,79.6,6.2,1012.7,0.0,2024-10-18 19:00:00,No
16.8,93.7,9.7,1019.8,0.0,2024-10-18 20:00:00,No
14.6,79.6,0.6,1013.2,0.0,2024-10-18 21:00:00,No
13.5,83.8,8.5,1012.0,0.0,2024-10-18 22:00:00,No
14.1,85.2,0.1,1013.4,0.0,2024-10-18 23:00:00,No
13.4,86.4,6.1,1020.1,0.0,2024-10-19 00:00:00,No
14.5,85.5,6.3,1012.3,0.0,2024-10-19 01:00:00,No
14.3,91.0,9.7,1014.3,0.0,2024-10-19 02:00:00,No
15.8,78.5,1.4,1007.1,0.0,2024-10-19 03:00:00,No
16.1,69.5,0.2,1014.2,0.0,2024-10-19 04:00:00,No
17.3,80.7,4.0,1012.0,0.0,2024-10-19 05:00:00,No
18.2,75.5,2.9,1014.0,0.3,2024-10-19 06:00:00,No
20.6,74.4,6.4,1002.9,3.0,2024-10-19 07:00:00,No
20.7,71.5,4.7,1016.3,3.7,2024-10-19 08:00:00,No
22.8,63.0,5.7,1011.6,4.6,2024-10-19 09:00:00,No
23.6,66.3,1.9,1011.9,6.2,2024-10-19 10:00:00,No
23.1,57.2,3.1,1009.5,7.8,2024-10-19 11:00:00,No
23.3,57.6,4.4,1006.6,10.0,2024-10-19 12:00:00,No
24.0,57.0,9.4,1021.4,7.4,2024-10-19 13:00:00,No
23.3,61.7,9.6,1013.5,6.8,2024-10-19 14:00:00,No
22.7,66.1,8.8,1018.2,6.7,2024-10-19 15:00:00,No
20.8,69.4,5.9,1014.3,5.7,2024-10-19 16:00:00,No
19.8,72.9,6.7,1017.1,0.2,2024-10-19 17:00:00,No
19.5,65.5,5.4,1014.6,0.0,2024-10-19 18:00:00,No
17.8,75.9,5.0,1016.8,0.0,2024-10-19 19:00:00,No
16.4,84.1,6.4,1014.0,0.0,2024-10-19 20:00:00,No
14.8,82.0,6.1,1008.9,0.0,2024-10-19 21:00:00,No
14.8,85.9,8.2,1015.8,0.0,2024-10-19 22:00:00,No
14.2,85.9,8.2,1013.1,0.0,2024-10-19 23:00:00,No
14.6,87.2,6.1,1020.9,0.0,2024-10-20 00:00:00,No
14.0,93.8,2.6,1010.7,0.0,2024-10-20 01:00:00,No
15.3,92.2,3.0,1013.0,0.0,2024-10-20 02:00:00,No
16.1,84.1,9.1,1018.4,0.0,2024-10-20 03:00:00,No
16.6,77.2,2.8,1005.7,0.0,2024-10-20 04:00:00,No
17.1,76.0,3.5,1013.3,0.0,2024-10-20 05:00:00,No
19.3,72.5,3.2,1009.5,0.3,2024-10-20 06:00:00,No
20.3,73.4,6.5,1016.3,3.8,2024-10-20 07:00:00,No
21.4,65.2,9.1,1011.6,5.5,2024-10-20 08:00:00,No
23.5,64.6,5.0,1008.5,5.2,2024-10-20 09:00:00,No
23.9,58.2,3.0,1016.6,5.5,2024-10-20 10:00:00,No
23.4,63.0,3.6,1014.0,8.2,2024-10-20 11:00:00,No
23.4,57.1,4.3,1007.0,8.3,2024-10-20 12:00:00,No
24.2,63.3,4.9,1019.7,8.2,2024-10-20 13:00:00,No
23.5,56.2,1.6,1025.3,8.3,2024-10-20 14:00:00,No
22.6,69.6,6.7,1019.3,6.2,2024-10-20 15:00:00,No
21.4,69.2,7.0,1015.3,3.9,2024-10-20 16:00:00,No
20.6,67.7,6.7,1015.2,1.6,2024-10-20 17:00:00,No
19.1,75.9,6.4,1012.4,0.5,2024-10-20 18:00:00,No
18.2,69.1,0.2,1017.2,0.0,2024-10-20 19:00:00,No
16.7,79.5,2.2,1003.4,0.0,2024-10-20 20:00:00,No
15.7,86.5,1.0,1010.8,0.0,2024-10-20 21:00:00,No
14.7,84.7,4.7,1009.5,0.0,2024-10-20 22:00:00,No
15.1,89.1,2.7,1007.0,0.0,2024-10-20 23:00:00,No
13.2,91.9,4.4,1007.2,0.0,2024-10-21 00:00:00,No
15.4,84.9,2.0,1012.5,0.0,2024-10-21 01:00:00,No
14.2,86.5,4.4,1014.1,0.0,2024-10-21 02:00:00,No
15.3,84.0,2.6,1020.2,0.0,2024-10-21 03:00:00,No
15.8,82.0,3.0,1013.7,0.0,2024-10-21 04:00:00,No
18.4,71.1,8.7,1013.0,0.0,2024-10-21 05:00:00,No
19.5,72.9,6.3,1020.4,2.1,2024-10-21 06:00:00,No
20.4,74.1,7.9,1014.6,2.5,2024-10-21 07:00:00,No
21.4,69.2,1.0,1007.9,3.0,2024-10-21 08:00:00,No
22.7,63.8,2.8,1015.6,5.3,2024-10-21 09:00:00,No
24.0,59.2,5.8,1012.8,6.9,2024-10-21 10:00:00,No
23.5,58.7,6.2,1007.8,8.5,2024-10-21 11:00:00,No
24.1,53.1,8.7,1021.6,9.6,2024-10-21 12:00:00,No
24.6,59.2,7.1,1013.1,8.8,2024-10-21 13:00:00,No
24.0,47.8,8.2,1008.2,7.2,2024-10-21 14:00:00,No
22.7,61.6,4.1,1015.9,5.7,2024-10-21 15:00:00,No
21.5,65.6,8.0,1017.4,4.6,2024-10-21 16:00:00,No
20.0,67.7,2.3,1017.1,1.9,2024-10-21 17:00:00,No
19.0,71.9,1.8,1018.7,0.1,2024-10-21 18:00:00,No
17.8,79.6,6.5,1005.2,0.0,2024-10-21 19:00:00,No
17.1,70.3,1.8,1015.4,0.0,2024-10-21 20:00:00,No
15.2,83.7,1.7,1011.7,0.0,2024-10-21 21:00:00,No
14.9,84.7,5.9,1011.7,0.0,2024-10-21 22:00:00,No
13.8,89.9,1.5,1016.5,0.0,2024-10-21 23:00:00,No
14.6,80.7,3.6,1011.7,0.0,2024-10-22 00:00:00,No
14.7,81.3,4.7,1010.2,0.0,2024-10-22 01:00:00,No
14.9,95.1,5.7,1013.2,0.0,2024-10-22 02:00:00,No
16.0,80.3,1.8,1014.8,0.0,2024-10-22 03:00:00,No
17.1,76.2,5.9,1014.0,0.0,2024-10-22 04:00:00,No
17.9,81.7,5.5,1014.5,0.0,2024-10-22 05:00:00,No
18.6,73.2,6.5,1019.2,0.0,2024-10-22 06:00:00,No
20.3,60.2,9.8,1005.0,1.2,2024-10-22 07:00:00,No
21.4,68.6,6.2,1011.4,3.7,2024-10-22 08:00:00,No
22.8,58.1,5.0,1007.8,5.9,2024-10-22 09:00:00,No
23.6,59.0,1.4,1011.9,7.2,2024-10-22 10:00:00,No
25.2,51.4,9.8,1011.3,8.3,2024-10-22 11:00:00,No
24.9,53.2,2.2,1016.7,7.8,2024-10-22 12:00:00,No
23.9,54.2,6.9,1008.2,6.6,2024-10-22 13:00:00,No
24.3,51.8,8.3,1016.4,8.0,2024-10-22 14:00:00,No
22.1,74.6,1.6,1019.2,5.7,2024-10-22 15:00:00,No
21.3,55.4,3.0,1015.1,4.4,2024-10-22 16:00:00,No
21.1,60.7,1.1,1014.5,3.3,2024-10-22 17:00:00,No
19.1,66.3,5.7,1025.7,0.7,2024-10-22 18:00:00,No
17.9,78.0,9.0,1019.5,0.0,2024-10-22 19:00:00,No
16.5,75.9,7.9,1016.8,0.0,2024-10-22 20:00:00,No
15.6,82.6,6.8,1018.3,0.0,2024-10-22 21:00:00,No
15.8,88.7,7.5,1009.1,0.0,2024-10-22 22:00:00,No
15.2,85.2,2.7,1019.3,0.0,2024-10-22 23:00:00,No
13.6,86.0,2.0,1010.4,0.0,2024-10-23 00:00:00,No
15.3,82.4,7.7,1011.5,0.0,2024-10-23 01:00:00,No
15.0,76.9,3.3,1010.2,0.0,2024-10-23 02:00:00,No
16.3,76.0,3.2,1017.6,0.0,2024-10-23 03:00:00,No
16.9,82.2,3.3,1013.2,0.0,2024-10-23 04:00:00,No
17.3,73.1,6.3,1023.4,0.0,2024-10-23 05:00:00,No
18.9,78.5,4.3,1023.4,0.3,2024-10-23 06:00:00,No
21.4,74.6,3.4,1007.9,0.0,2024-10-23 07:00:00,No
21.3,65.6,7.4,1007.5,2.9,2024-10-23 08:00:00,No
23.2,57.6,6.4,1004.5,5.6,2024-10-23 09:00:00,No
23.6,53.9,4.3,1021.6,6.7,2024-10-23 10:00:00,No
24.5,55.3,5.5,1013.7,7.5,2024-10-23 11:00:00,No
24.4,56.4,7.3,1010.8,7.4,2024-10-23 12:00:00,No
24.2,57.0,3.7,1006.4,8.0,2024-10-23 13:00:00,No
23.5,53.9,4.2,1019.4,5.4,2024-10-23 14:00:00,No
23.7,62.4,8.0,1011.6,5.7,2024-10-23 15:00:00,No
22.2,69.5,7.5,1012.7,4.1,2024-10-23 16:00:00,No
20.4,69.5,5.6,1011.6,2.1,2024-10-23 17:00:00,No
19.8,67.0,8.2,1015.0,1.7,2024-10-23 18:00:00,No
17.8,80.2,2.5,1007.6,0.0,2024-10-23 19:00:00,No
16.7,81.6,0.7,1011.7,0.0,2024-10-23 20:00:00,No
15.8,80.0,7.1,1004.8,0.0,2024-10-23 21:00:00,No
15.1,81.0,0.9,1023.2,0.0,2024-10-23 22:00:00,No
14.8,85.1,8.2,1021.4,0.0,2024-10-23 23:00:00,No
15.2,89.2,8.1,1013.3,0.0,2024-10-24 00:00:00,No
14.8,81.5,1.4,1011.0,0.0,2024-10-24 01:00:00,No
15.4,84.3,3.4,1015.1,0.0,2024-10-24 02:00:00,No
15.6,86.2,4.7,1004.7,0.0,2024-10-24 03:00:00,No
17.3,74.8,6.0,1025.1,0.0,2024-10-24 04:00:00,No
19.3,70.8,7.5,1012.2,0.0,2024-10-24 05:00:00,No
20.3,82.2,4.6,1014.1,0.0,2024-10-24 06:00:00,No
21.1,66.2,8.3,1021.5,2.4,2024-10-24 07:00:00,No
23.2,55.4,2.4,1016.0,4.8,2024-10-24 08:00:00,No
23.5,51.6,5.0,1019.3,4.8,2024-10-24 09:00:00,No
23.9,55.5,6.6,1018.0,7.5,2024-10-24 10:00:00,No
24.8,62.3,7.4,1010.7,7.3,2024-10-24 11:00:00,No
25.1,44.4,7.8,1009.0,7.3,2024-10-24 12:00:00,No
24.7,56.1,1.9,1004.1,7.8,2024-10-24 13:00:00,No
23.4,63.4,6.6,1014.2,5.9,2024-10-24 14:00:00,No
22.9,59.8,6.9,1016.0,5.9,2024-10-24 15:00:00,No
22.3,69.0,1.7,1018.4,3.3,2024-10-24 16:00:00,No
20.3,69.5,3.7,1014.1,1.8,2024-10-24 17:00:00,No
20.0,79.0,2.2,1013.4,0.0,2024-10-24 18:00:00,No
18.3,77.2,0.1,1014.9,0.0,2024-10-24 19:00:00,No
16.9,82.0,1.2,1011.4,0.0,2024-10-24 20:00:00,No
15.7,87.4,6.3,1023.1,0.0,2024-10-24 21:00:00,No
15.5,79.0,4.1,1012.4,0.0,2024-10-24 22:00:00,No
15.9,75.4,0.7,1015.4,0.0,2024-10-24 23:00:00,No
14.6,80.9,4.5,1011.9,0.0,2024-10-25 00:00:00,No
15.6,83.3,9.9,1015.7,0.0,2024-10-25 01:00:00,No
15.2,76.8,6.2,1011.6,0.0,2024-10-25 02:00:00,No
16.4,73.8,1.0,1016.4,0.0,2024-10-25 03:00:00,No
17.0,79.1,6.9,1007.9,0.0,2024-10-25 04:00:00,No
18.3,73.4,4.0,1015.7,0.0,2024-10-25 05:00:00,No
20.4,67.6,8.3,1015.6,0.0,2024-10-25 06:00:00,No
21.1,59.2,7.0,1017.2,2.3,2024-10-25 07:00:00,No
22.7,56.9,3.6,1017.5,5.3,2024-10-25 08:00:00,No
23.0,71.5,5.7,1014.4,5.2,2024-10-25 09:00:00,No
25.3,54.0,8.7,1027.6,5.8,2024-10-25 10:00:00,No
25.0,54.3,5.3,1011.7,8.8,2024-10-25 11:00:00,No
25.0,51.0,3.3,1010.6,7.9,2024-10-25 12:00:00,No
25.8,47.8,4.0,1007.4,7.6,2024-10-25 13:00:00,No
23.8,58.4,0.4,1008.1,6.3,2024-10-25 14:00:00,No
24.0,65.3,5.9,1013.7,5.3,2024-10-25 15:00:00,No
22.5,65.1,4.5,1018.6,4.2,2024-10-25 16:00:00,No
21.3,60.1,8.5,1019.4,2.1,2024-10-25 17:00:00,No
20.8,64.2,6.9,1014.7,0.0,2024-10-25 18:00:00,No
18.6,74.0,3.8,1012.1,0.0,2024-10-25 19:00:00,No
17.3,76.8,6.0,1021.6,0.0,2024-10-25 20:00:00,No
17.2,78.7,4.5,1007.8,0.0,2024-10-25 21:00:00,No
15.3,84.3,2.7,1016.7,0.0,2024-10-25 22:00:00,No
14.8,77.2,6.0,1009.1,0.0,2024-10-25 23:00:00,No
15.2,86.4,5.2,1015.7,0.0,2024-10-26 00:00:00,No
15.2,84.8,7.4,1007.3,0.0,2024-10-26 01:00:00,No
15.5,85.0,5.5,1015.6,0.0,2024-10-26 02:00:00,No
16.1,92.5,6.7,1016.4,0.0,2024-10-26 03:00:00,No
17.4,78.5,4.8,1015.8,0.0,2024-10-26 04:00:00,No
18.5,76.0,7.3,1018.6,0.0,2024-10-26 05:00:00,No
20.8,69.0,2.3,1019.6,0.0,2024-10-26 06:00:00,No
21.1,63.2,2.5,1021.3,1.9,2024-10-26 07:00:00,No
22.1,61.5,8.3,1026.2,3.5,2024-10-26 08:00:00,No
24.5,64.4,3.0,1012.9,6.2,2024-10-26 09:00:00,No
23.2,57.9,3.0,1010.5,6.6,2024-10-26 10:00:00,No
24.7,57.9,3.7,1014.8,8.9,2024-10-26 11:00:00,No
24.8,60.5,5.8,1014.6,7.9,2024-10-26 12:00:00,No
24.6,52.8,3.5,1018.0,7.6,2024-10-26 13:00:00,No
24.5,50.9,8.7,1011.9,7.0,2024-10-26 14:00:00,No
23.6,55.2,2.0,1014.6,4.7,2024-10-26 15:00:00,No
22.0,66.8,6.3,1011.7,3.7,2024-10-26 16:00:00,No
21.0,67.2,7.2,1007.9,1.8,2024-10-26 17:00:00,No
20.3,70.4,1.7,1014.5,0.0,2024-10-26 18:00:00,No
18.6,70.2,0.4,1011.0,0.0,2024-10-26 19:00:00,No
18.0,66.7,3.0,1018.7,0.0,2024-10-26 20:00:00,No
16.6,84.2,2.8,1013.4,0.0,2024-10-26 21:00:00,No
15.0,90.2,2.1,1010.2,0.0,2024-10-26 22:00:00,No
15.1,95.3,6.3,1012.5,0.0,2024-10-26 23:00:00,No
15.0,82.1,2.7,1017.3,0.0,2024-10-27 00:00:00,No
15.1,93.0,0.5,1014.4,0.0,2024-10-27 01:00:00,No
15.3,77.2,7.1,1013.3,0.0,2024-10-27 02:00:00,No
16.2,87.7,2.0,1011.3,0.0,2024-10-27 03:00:00,No
17.7,81.4,2.6,1014.2,0.0,2024-10-27 04:00:00,No
18.6,78.6,9.8,1011.7,0.0,2024-10-27 05:00:00,No
21.5,71.6,7.0,1008.1,0.6,2024-10-27 06:00:00,No
21.3,64.1,8.9,1012.4,2.3,2024-10-27 07:00:00,No
22.6,67.3,4.2,1020.0,5.4,2024-10-27 08:00:00,No
23.9,61.5,4.3,1008.9,4.3,2024-10-27 09:00:00,No
24.1,53.0,8.7,1011.8,7.2,2024-10-27 10:00:00,No
24.2,53.2,2.5,1027.2,8.6,2024-10-27 11:00:00,No
24.7,52.4,2.8,1008.1,8.9,2024-10-27 12:00:00,No
24.9,58.8,3.3,1012.3,7.6,2024-10-27 13:00:00,No
24.2,61.9,3.8,1012.4,7.5,2024-10-27 14:00:00,No
23.6,61.6,2.1,1005.6,6.0,2024-10-27 15:00:00,No
22.7,56.5,4.8,1011.2,4.0,2024-10-27 16:00:00,No
21.8,54.2,1.1,1008.6,2.1,2024-10-27 17:00:00,No
21.0,70.8,9.2,1008.9,0.2,2024-10-27 18:00:00,No
19.6,75.0,6.4,1016.4,0.0,2024-10-27 19:00:00,No
18.9,72.2,0.3,1012.4,0.0,2024-10-27 20:00:00,No
16.5,78.0,2.4,1007.5,0.0,2024-10-27 21:00:00,No
15.6,87.3,9.9,1014.7,0.0,2024-10-27 22:00:00,No
15.2,89.0,9.8,1017.6,0.0,2024-10-27 23:00:00,No
14.9,78.5,8.8,1025.0,0.0,2024-10-28 00:00:00,No
15.7,83.7,9.0,1014.4,0.0,2024-10-28 01:00:00,No
16.6,68.6,3.4,1015.7,0.0,2024-10-28 02:00:00,No
16.8,85.8,5.0,1013.7,0.0,2024-10-28 03:00:00,No
17.6,76.1,9.9,1010.0,0.0,2024-10-28 04:00:00,No
18.3,74.4,3.2,1010.2,0.0,2024-10-28 05:00:00,No
20.1,74.2,0.1,1008.0,0.0,2024-10-28 06:00:00,No
21.6,64.9,6.7,999.7,1.0,2024-10-28 07:00:00,No
23.9,61.7,3.7,1014.5,4.1,2024-10-28 08:00:00,No
23.7,59.6,0.1,1015.9,4.9,2024-10-28 09:00:00,No
24.1,60.6,6.2,1016.3,7.4,2024-10-28 10:00:00,No
25.3,51.4,8.4,1016.2,8.9,2024-10-28 11:00:00,No
26.2,37.5,9.7,1009.3,9.7,2024-10-28 12:00:00,No
24.8,49.0,6.0,1013.0,8.9,2024-10-28 13:00:00,No
24.7,50.9,6.9,1009.8,6.5,2024-10-28 14:00:00,No
24.7,58.1,2.8,1005.5,5.7,2024-10-28 15:00:00,No
22.2,49.5,1.8,1003.0,4.1,2024-10-28 16:00:00,No
22.0,69.3,6.2,1006.1,3.2,2024-10-28 17:00:00,No
20.1,64.7,3.5,1018.5,0.0,2024-10-28 18:00:00,No
18.8,78.3,2.3,1015.0,0.0,2024-10-28 19:00:00,No
17.8,83.9,9.6,1019.7,0.0,2024-10-28 20:00:00,No
17.1,78.3,0.7,1016.1,0.0,2024-10-28 21:00:00,No
15.7,89.8,2.9,1016.5,0.0,2024-10-28 22:00:00,No
15.5,83.5,4.8,1010.2,0.0,2024-10-28 23:00:00,No
16.1,90.6,3.1,1016.4,0.0,2024-10-29 00:00:00,No
15.6,92.2,3.8,1002.7,0.0,2024-10-29 01:00:00,No
16.0,78.6,2.2,1002.0,0.0,2024-10-29 02:00:00,No
16.8,71.7,4.1,1019.3,0.0,2024-10-29 03:00:00,No
18.5,77.0,8.2,1015.3,0.0,2024-10-29 04:00:00,No
18.8,65.3,1.7,1012.2,0.0,2024-10-29 05:00:00,No
20.9,59.7,8.5,1010.7,1.5,2024-10-29 06:00:00,No
22.9,70.5,8.8,1012.7,2.2,2024-10-29 07:00:00,No
23.0,60.0,3.2,995.9,4.7,2024-10-29 08:00:00,No
23.9,46.8,7.0,1011.7,5.5,2024-10-29 09:00:00,No
24.7,54.5,3.7,1006.9,5.6,2024-10-29 10:00:00,No
26.1,50.8,5.8,1014.0,8.2,2024-10-29 11:00:00,No
25.8,50.1,5.5,1011.8,7.6,2024-10-29 12:00:00,No
26.2,48.0,2.2,1017.5,9.2,2024-10-29 13:00:00,No
23.8,57.1,9.1,1010.2,4.8,2024-10-29 14:00:00,No
24.8,58.5,8.6,1013.7,6.5,2024-10-29 15:00:00,No
22.7,64.5,4.5,1017.0,5.4,2024-10-29 16:00:00,No
20.8,67.7,4.2,1015.3,0.5,2024-10-29 17:00:00,No
20.3,70.4,5.7,1014.3,1.6,2024-10-29 18:00:00,No
19.1,77.2,9.2,1008.3,0.0,2024-10-29 19:00:00,No
18.9,72.0,4.4,1017.6,0.0,2024-10-29 20:00:00,No
16.3,79.8,4.8,1017.2,0.0,2024-10-29 21:00:00,No
15.7,85.2,9.8,1017.7,0.0,2024-10-29 22:00:00,No
15.7,97.6,1.2,1007.6,0.0,2024-10-29 23:00:00,No
14.8,89.3,0.8,1014.4,0.0,2024-10-30 00:00:00,No
16.1,83.3,8.0,1023.0,0.0,2024-10-30 01:00:00,No
15.8,88.6,2.2,1011.1,0.0,2024-10-30 02:00:00,No
17.7,73.9,9.2,1016.4,0.0,2024-10-30 03:00:00,No
18.0,70.8,0.8,1009.1,0.0,2024-10-30 04:00:00,No
19.6,64.7,1.9,1015.3,0.0,2024-10-30 05:00:00,No
20.0,73.5,2.4,1006.4,0.1,2024-10-30 06:00:00,No
22.5,71.3,8.1,1013.3,0.7,2024-10-30 07:00:00,No
23.1,52.2,3.5,1010.6,3.5,2024-10-30 08:00:00,No
24.0,59.8,4.7,1015.7,4.0,2024-10-30 09:00:00,No
25.2,45.7,7.3,1013.2,7.2,2024-10-30 10:00:00,No
26.5,51.4,7.5,1011.1,7.8,2024-10-30 11:00:00,No
25.8,59.0,2.1,1020.0,8.9,2024-10-30 12:00:00,No
25.8,45.2,7.4,1017.4,8.3,2024-10-30 13:00:00,No
24.6,47.5,4.6,1007.4,6.1,2024-10-30 14:00:00,No
24.9,55.5,5.7,1014.4,4.6,2024-10-30 15:00:00,No
23.0,61.2,6.0,1010.0,6.7,2024-10-30 16:00:00,No
21.9,58.8,0.7,1008.2,2.1,2024-10-30 17:00:00,No
20.4,65.2,9.5,1016.1,0.0,2024-10-30 18:00:00,No
19.4,71.1,0.0,1012.6,0.0,2024-10-30 19:00:00,No
19.0,69.1,3.2,1009.0,0.0,2024-10-30 20:00:00,No
17.2,80.5,9.7,1015.6,0.0,2024-10-30 21:00:00,No
16.8,78.7,3.7,1016.4,0.0,2024-10-30 22:00:00,No
16.2,75.0,2.8,1011.1,0.0,2024-10-30 23:00:00,No
16.6,79.3,9.3,1014.9,0.0,2024-10-31 00:00:00,No
16.3,81.5,6.7,1014.7,0.0,2024-10-31 01:00:00,No
16.2,82.8,7.0,1015.2,0.0,2024-10-31 02:00:00,No
16.0,79.3,4.3,1006.1,0.0,2024-10-31 03:00:00,No
18.0,74.4,5.0,1010.5,0.0,2024-10-31 04:00:00,No
19.5,68.9,5.5,1016.0,0.0,2024-10-31 05:00:00,No
20.5,64.6,6.6,1008.8,0.0,2024-10-31 06:00:00,No
22.1,63.0,7.7,1014.0,2.4,2024-10-31 07:00:00,No
23.8,56.9,1.3,1015.2,4.7,2024-10-31 08:00:00,No
24.4,52.9,3.4,1011.3,4.6,2024-10-31 09:00:00,No
24.5,53.0,4.3,1017.6,7.0,2024-10-31 10:00:00,No
24.7,54.0,6.7,1010.6,9.2,2024-10-31 11:00:00,No
26.4,49.7,2.1,1006.9,9.1,2024-10-31 12:00:00,No
26.2,50.5,2.9,1016.2,8.0,2024-10-31 13:00:00,No
25.0,53.2,0.2,1008.0,8.5,2024-10-31 14:00:00,No
25.0,45.7,8.1,1017.9,3.9,2024-10-31 15:00:00,No
24.1,52.5,8.8,1005.7,2.4,2024-10-31 16:00:00,No
22.4,65.2,2.6,1017.1,1.5,2024-10-31 17:00:00,No
21.5,59.7,1.1,1014.9,0.0,2024-10-31 18:00:00,No
20.2,67.2,5.4,1008.1,0.0,2024-10-31 19:00:00,No
18.7,77.5,5.1,1017.5,0.0,2024-10-31 20:00:00,No
18.1,79.3,3.6,1026.2,0.0,2024-10-31 21:00:00,No
16.6,75.7,4.3,1016.9,0.0,2024-10-31 22:00:00,No
16.2,73.4,7.8,1017.5,0.0,2024-10-31 23:00:00,No
15.6,90.5,5.7,1011.5,0.0,2024-11-01 00:00:00,No
16.4,72.2,2.2,1011.2,0.0,2024-11-01 01:00:00,No
16.9,76.2,5.2,1008.2,0.0,2024-11-01 02:00:00,No
17.2,76.5,4.5,1016.8,0.0,2024-11-01 03:00:00,No
18.5,71.1,1.6,1006.2,0.0,2024-11-01 04:00:00,No
19.3,66.3,4.3,1012.1,0.0,2024-11-01 05:00:00,No
20.9,68.8,1.4,1012.9,0.0,2024-11-01 06:00:00,No
22.7,63.7,1.3,1019.7,1.4,2024-11-01 07:00:00,No
23.6,68.8,7.9,1012.1,5.6,2024-11-01 08:00:00,No
24.9,64.5,2.7,1012.7,5.3,2024-11-01 09:00:00,No
25.3,58.6,6.7,1007.5,6.6,2024-11-01 10:00:00,No
25.8,53.9,2.4,1007.7,8.3,2024-11-01 11:00:00,No
25.9,58.6,4.5,1009.6,7.7,2024-11-01 12:00:00,No
26.9,48.1,9.7,1006.3,8.3,2024-11-01 13:00:00,No
25.2,51.5,9.0,1012.9,7.8,2024-11-01 14:00:00,No
23.9,58.3,8.1,1013.6,5.3,2024-11-01 15:00:00,No
23.6,58.9,2.0,1012.1,4.7,2024-11-01 16:00:00,No
22.9,61.4,8.5,1020.0,1.6,2024-11-01 17:00:00,No
21.3,64.0,3.1,1012.2,0.1,2024-11-01 18:00:00,No
19.1,71.1,2.5,1007.9,0.0,2024-11-01 19:00:00,No
18.6,78.8,7.4,999.6,0.0,2024-11-01 20:00:00,No
17.7,74.0,9.4,1014.4,0.0,2024-11-01 21:00:00,No
17.5,77.5,9.0,1008.0,0.0,2024-11-01 22:00:00,No
16.3,83.3,2.1,1010.4,0.0,2024-11-01 23:00:00,No
15.7,82.5,8.4,1011.7,0.0,2024-11-02 00:00:00,No
16.1,86.2,8.7,1008.0,0.0,2024-11-02 01:00:00,No
16.4,79.6,3.6,1010.0,0.0,2024-11-02 02:00:00,No
17.3,74.3,5.1,1013.8,0.0,2024-11-02 03:00:00,No
19.3,79.3,9.5,1014.7,0.0,2024-11-02 04:00:00,No
19.2,75.4,6.7,1012.9,0.0,2024-11-02 05:00:00,No
22.3,68.4,4.5,1014.6,0.0,2024-11-02 06:00:00,No
21.4,73.8,3.3,1013.0,2.0,2024-11-02 07:00:00,No
23.8,64.8,9.9,1017.2,5.3,2024-11-02 08:00:00,No
23.6,53.5,7.6,1016.4,4.4,2024-11-02 09:00:00,No
25.5,62.7,7.8,1024.9,5.4,2024-11-02 10:00:00,No
26.3,56.2,8.2,1008.7,7.7,2024-11-02 11:00:00,No
26.4,45.7,2.8,1014.5,7.6,2024-11-02 12:00:00,No
26.1,62.3,0.6,1014.1,7.6,2024-11-02 13:00:00,No
25.7,44.2,7.4,1012.5,6.9,2024-11-02 14:00:00,No
25.4,54.6,1.9,1014.2,6.1,2024-11-02 15:00:00,No
24.4,60.5,5.5,1007.8,4.9,2024-11-02 16:00:00,No
23.2,59.8,7.1,1004.8,0.2,2024-11-02 17:00:00,No
21.0,71.0,0.6,1012.8,0.0,2024-11-02 18:00:00,No
20.5,63.3,3.6,1007.5,0.0,2024-11-02 19:00:00,No
19.0,64.7,2.3,1008.8,0.0,2024-11-02 20:00:00,No
17.9,74.5,1.8,1014.6,0.0,2024-11-02 21:00:00,No
16.2,77.4,4.4,1001.8,0.0,2024-11-02 22:00:00,No
16.2,72.7,9.1,1006.8,0.0,2024-11-02 23:00:00,No
16.2,81.5,6.8,1017.1,0.0,2024-11-03 00:00:00,No
16.7,73.7,1.6,1010.3,0.0,2024-11-03 01:00:00,No
16.9,83.2,5.7,1018.3,0.0,2024-11-03 02:00:00,No
17.0,76.0,1.3,1014.0,0.0,2024-11-03 03:00:00,No
17.9,79.4,8.5,1010.2,0.0,2024-11-03 04:00:00,No
20.4,63.5,9.5,1015.2,0.0,2024-11-03 05:00:00,No
21.5,63.9,9.0,1012.3,0.4,2024-11-03 06:00:00,No
22.6,59.5,2.2,1011.8,2.2,2024-11-03 07:00:00,No
22.7,67.0,4.1,1010.9,4.4,2024-11-03 08:00:00,No
25.0,57.9,9.5,1009.7,4.6,2024-11-03 09:00:00,No
25.8,49.0,6.4,1007.0,7.4,2024-11-03 10:00:00,No
26.8,54.3,8.9,1017.9,8.9,2024-11-03 11:00:00,No
26.7,48.5,9.2,1018.3,8.5,2024-11-03 12:00:00,No
26.9,46.4,4.4,1006.4,7.9,2024-11-03 13:00:00,No
26.2,52.7,8.9,1012.6,7.0,2024-11-03 14:00:00,No
25.0,55.1,7.4,1009.4,4.4,2024-11-03 15:00:00,No
23.7,58.0,7.0,1014.3,4.0,2024-11-03 16:00:00,No
22.8,66.0,4.3,1010.1,0.2,2024-11-03 17:00:00,No
21.0,66.1,4.7,1014.3,0.8,2024-11-03 18:00:00,No
20.8,71.9,6.2,1013.8,0.0,2024-11-03 19:00:00,No
19.1,75.9,2.4,1010.9,0.0,2024-11-03 20:00:00,No
17.2,77.8,8.7,1013.4,0.0,2024-11-03 21:00:00,No
17.0,83.2,9.6,1008.7,0.0,2024-11-03 22:00:00,No
16.5,81.7,3.6,1012.1,0.0,2024-11-03 23:00:00,No
16.8,79.2,7.1,1009.7,0.0,2024-11-04 00:00:00,No
17.0,84.8,6.7,1014.5,0.0,2024-11-04 01:00:00,No
16.6,84.4,4.5,1010.3,0.0,2024-11-04 02:00:00,No
18.4,75.9,2.5,1016.0,0.0,2024-11-04 03:00:00,No
19.2,69.5,5.2,1006.8,0.0,2024-11-04 04:00:00,No
19.9,70.0,4.9,1021.1,0.0,2024-11-04 05:00:00,No
20.5,71.1,3.8,1009.4,0.0,2024-11-04 06:00:00,No
22.4,64.0,2.8,1011.7,1.4,2024-11-04 07:00:00,No
23.7,58.6,4.3,1012.7,3.7,2024-11-04 08:00:00,No
24.5,48.9,5.7,1014.9,5.4,2024-11-04 09:00:00,No
26.0,56.6,9.9,1017.3,7.5,2024-11-04 10:00:00,No
26.4,53.5,5.0,1010.9,8.3,2024-11-04 11:00:00,No
26.5,49.5,3.9,1010.0,7.9,2024-11-04 12:00:00,No
26.0,58.3,4.4,1014.6,7.3,2024-11-04 13:00:00,No
25.4,52.4,7.1,1017.0,8.6,2024-11-04 14:00:00,No
25.2,53.0,0.7,1015.8,6.9,2024-11-04 15:00:00,No
23.8,55.5,5.9,1005.9,4.7,2024-11-04 16:00:00,No
21.8,69.9,1.9,1008.1,1.5,2024-11-04 17:00:00,No
22.5,60.3,6.7,1012.7,0.9,2024-11-04 18:00:00,No
19.4,77.7,2.2,996.7,0.0,2024-11-04 19:00:00,No
19.4,74.9,5.7,1011.8,0.0,2024-11-04 20:00:00,No
18.1,75.5,2.9,1010.4,0.0,2024-11-04 21:00:00,No
17.4,80.1,3.7,1019.4,0.0,2024-11-04 22:00:00,No
17.5,64.0,9.7,1017.7,0.0,2024-11-04 23:00:00,No
16.5,77.2,7.5,1010.9,0.0,2024-11-05 00:00:00,No
17.2,85.9,9.6,1016.8,0.0,2024-11-05 01:00:00,No
17.4,84.1,9.1,1015.7,0.0,2024-11-05 02:00:00,No
18.3,76.3,9.1,1016.7,0.0,2024-11-05 03:00:00,No
18.4,72.0,4.5,1013.2,0.0,2024-11-05 04:00:00,No
20.3,70.4,7.1,1020.5,0.0,2024-11-05 05:00:00,No
22.1,57.3,7.3,1019.8,0.4,2024-11-05 06:00:00,No
23.4,60.6,2.9,1019.0,2.9,2024-11-05 07:00:00,No
24.4,59.3,2.1,1013.4,2.5,2024-11-05 08:00:00,No
25.5,58.6,6.5,1007.7,5.1,2024-11-05 09:00:00,No
26.5,50.6,1.2,1002.1,8.4,2024-11-05 10:00:00,No
26.7,45.5,1.8,1014.0,9.0,2024-11-05 11:00:00,No
26.4,53.3,5.5,1014.7,7.2,2024-11-05 12:00:00,No
26.7,38.2,1.1,1014.6,7.4,2024-11-05 13:00:00,No
26.7,43.6,2.8,1021.2,7.0,2024-11-05 14:00:00,No
25.0,57.4,6.7,1011.8,4.7,2024-11-05 15:00:00,No
23.8,52.9,1.6,1012.3,5.7,2024-11-05 16:00:00,No
23.0,65.2,2.7,1023.3,2.7,2024-11-05 17:00:00,No
22.7,64.9,0.1,1011.0,0.0,2024-11-05 18:00:00,No
19.9,68.4,0.5,1011.1,0.0,2024-11-05 19:00:00,No
19.2,75.0,5.1,1014.6,0.0,2024-11-05 20:00:00,No
18.9,72.4,0.9,1006.4,0.0,2024-11-05 21:00:00,No
17.0,78.5,0.1,1015.2,0.0,2024-11-05 22:00:00,No
17.8,77.4,7.5,1009.6,0.0,2024-11-05 23:00:00,No
16.8,79.4,1.5,1009.0,0.0,2024-11-06 00:00:00,No
17.5,80.8,1.2,1009.2,0.0,2024-11-06 01:00:00,No
16.6,83.4,2.3,1019.1,0.0,2024-11-06 02:00:00,No
17.8,69.0,2.4,997.9,0.0,2024-11-06 03:00:00,No
19.9,71.6,4.5,1011.6,0.0,2024-11-06 04:00:00,No
21.4,71.5,8.0,1009.0,0.0,2024-11-06 05:00:00,No
22.2,66.6,9.7,1011.4,0.1,2024-11-06 06:00:00,No
22.5,56.8,5.1,1008.3,1.4,2024-11-06 07:00:00,No
23.6,57.5,5.8,1014.1,5.3,2024-11-06 08:00:00,No
23.6,55.9,8.6,1007.1,5.0,2024-11-06 09:00:00,No
27.0,61.5,8.8,1004.1,7.6,2024-11-06 10:00:00,No
27.5,42.3,6.7,1015.3,7.2,2024-11-06 11:00:00,No
26.9,40.3,5.0,1013.3,5.8,2024-11-06 12:00:00,No
27.4,42.3,9.2,1016.2,5.6,2024-11-06 13:00:00,No
25.0,53.8,0.2,1013.9,7.1,2024-11-06 14:00:00,No
25.6,50.8,6.2,1017.7,6.7,2024-11-06 15:00:00,No
24.4,42.2,1.3,1013.7,3.2,2024-11-06 16:00:00,No
23.5,69.4,9.3,1026.8,2.1,2024-11-06 17:00:00,No
22.0,70.5,2.2,1014.4,0.0,2024-11-06 18:00:00,No
21.6,55.5,5.3,1012.5,0.0,2024-11-06 19:00:00,No
19.6,66.5,3.8,1009.5,0.0,2024-11-06 20:00:00,No
18.6,68.0,7.0,1008.9,0.0,2024-11-06 21:00:00,No
17.9,70.7,9.0,1017.8,0.0,2024-11-06 22:00:00,No
17.1,85.1,6.2,1010.7,0.0,2024-11-06 23:00:00,No
17.0,75.7,7.5,1015.8,0.0,2024-11-07 00:00:00,No
17.5,78.4,6.6,1012.5,0.0,2024-11-07 01:00:00,No
17.2,71.4,9.6,1017.1,0.0,2024-11-07 02:00:00,No
19.2,81.2,5.8,1005.3,0.0,2024-11-07 03:00:00,No
19.9,73.6,7.7,1013.2,0.0,2024-11-07 04:00:00,No
20.0,72.4,5.3,1009.7,0.0,2024-11-07 05:00:00,No
22.0,66.9,4.8,1010.8,0.1,2024-11-07 06:00:00,No
22.3,67.4,9.3,1002.4,3.3,2024-11-07 07:00:00,No
24.0,61.7,0.1,1011.7,2.5,2024-11-07 08:00:00,No
25.1,48.6,7.0,1014.4,5.5,2024-11-07 09:00:00,No
25.3,50.3,1.3,1013.9,7.0,2024-11-07 10:00:00,No
27.0,55.9,2.3,1013.6,7.6,2024-11-07 11:00:00,No
26.1,54.9,4.5,1017.8,8.6,2024-11-07 12:00:00,No
26.5,56.0,5.4,1018.1,8.4,2024-11-07 13:00:00,No
26.6,58.9,7.7,1011.4,7.3,2024-11-07 14:00:00,No
25.4,44.7,8.7,1023.7,5.5,2024-11-07 15:00:00,No
24.7,60.1,5.4,1005.4,3.6,2024-11-07 16:00:00,No
23.7,50.9,8.6,1014.9,0.9,2024-11-07 17:00:00,No
22.0,67.5,5.0,1012.5,0.0,2024-11-07 18:00:00,No
21.0,67.8,2.0,1009.2,0.0,2024-11-07 19:00:00,No
19.8,63.6,9.0,1007.8,0.0,2024-11-07 20:00:00,No
19.1,67.8,0.3,1009.0,0.0,2024-11-07 21:00:00,No
17.0,82.2,4.9,1013.1,0.0,2024-11-07 22:00:00,No
17.7,76.6,6.2,1013.2,0.0,2024-11-07 23:00:00,No
16.9,80.7,8.9,1008.1,0.0,2024-11-08 00:00:00,No
17.6,76.8,5.8,1011.5,0.0,2024-11-08 01:00:00,No
17.0,81.6,2.1,1010.6,0.0,2024-11-08 02:00:00,No
18.9,77.6,8.1,1005.6,0.0,2024-11-08 03:00:00,No
19.6,67.4,9.4,1012.8,0.0,2024-11-08 04:00:00,No
20.1,69.3,2.3,1015.3,0.0,2024-11-08 05:00:00,No
21.8,64.0,1.6,1019.9,0.0,2024-11-08 06:00:00,No
23.8,62.4,8.2,1000.6,2.3,2024-11-08 07:00:00,No
25.0,64.0,2.1,1013.0,4.7,2024-11-08 08:00:00,No
24.9,48.3,6.9,1015.2,4.9,2024-11-08 09:00:00,No
26.4,44.3,4.0,1000.4,7.5,2024-11-08 10:00:00,No
27.4,38.8,6.1,1010.1,9.3,2024-11-08 11:00:00,No
26.8,51.5,4.3,1016.4,9.3,2024-11-08 12:00:00,No
27.0,46.9,9.0,1007.6,7.5,2024-11-08 13:00:00,No
26.2,48.1,1.6,1017.8,6.9,2024-11-08 14:00:00,No
26.0,58.2,3.4,1012.2,6.9,2024-11-08 15:00:00,No
24.3,52.5,9.9,1018.4,4.5,2024-11-08 16:00:00,No
23.8,55.8,3.1,1013.0,2.7,2024-11-08 17:00:00,No
22.6,65.8,6.2,1006.7,0.0,2024-11-08 18:00:00,No
21.2,67.4,2.2,1008.5,0.0,2024-11-08 19:00:00,No
19.0,74.2,6.4,1008.6,0.0,2024-11-08 20:00:00,No
18.7,83.0,7.9,1005.5,0.0,2024-11-08 21:00:00,No
17.5,84.9,6.7,1004.0,0.0,2024-11-08 22:00:00,No
17.6,75.4,6.9,1010.0,0.0,2024-11-08 23:00:00,No
17.9,79.7,2.2,1015.2,0.0,2024-11-09 00:00:00,No
17.8,64.1,2.1,1007.2,0.0,2024-11-09 01:00:00,No
18.2,72.5,6.7,1010.4,0.0,2024-11-09 02:00:00,No
18.9,73.7,5.8,1015.1,0.0,2024-11-09 03:00:00,No
19.3,70.3,3.2,1017.5,0.0,2024-11-09 04:00:00,No
21.5,61.9,4.9,1010.4,0.0,2024-11-09 05:00:00,No
22.6,62.4,6.2,1011.5,0.0,2024-11-09 06:00:00,No
24.1,60.5,0.4,1018.1,1.6,2024-11-09 07:00:00,No
24.7,59.0,0.7,1010.0,2.7,2024-11-09 08:00:00,No
25.4,50.7,3.3,1015.9,5.2,2024-11-09 09:00:00,No
26.1,54.9,1.3,1008.5,8.8,2024-11-09 10:00:00,No
27.3,47.7,7.7,1010.6,9.3,2024-11-09 11:00:00,No
27.0,50.7,8.7,1014.0,9.6,2024-11-09 12:00:00,No
27.4,47.7,7.7,1019.1,9.0,2024-11-09 13:00:00,No
26.4,56.4,4.2,1013.9,6.3,2024-11-09 14:00:00,No
25.4,56.3,5.9,1014.2,6.0,2024-11-09 15:00:00,No
25.5,56.7,6.3,1006.0,5.0,2024-11-09 16:00:00,No
24.2,53.2,4.8,1015.6,1.9,2024-11-09 17:00:00,No
22.4,70.1,10.0,1013.6,0.3,2024-11-09 18:00:00,No
21.0,68.4,8.8,1006.4,0.0,2024-11-09 19:00:00,No
20.0,72.4,5.9,1024.3,0.0,2024-11-09 20:00:00,No
18.5,77.7,1.5,1012.7,0.0,2024-11-09 21:00:00,No
17.7,73.7,3.4,1011.6,0.0,2024-11-09 22:00:00,No
17.4,84.9,4.4,1021.6,0.0,2024-11-09 23:00:00,No
16.6,77.4,7.7,1016.9,0.0,2024-11-10 00:00:00,No
17.3,87.7,5.3,1021.1,0.0,2024-11-10 01:00:00,No
18.4,80.5,4.2,1014.6,0.0,2024-11-10 02:00:00,No
19.3,71.4,8.7,1006.8,0.0,2024-11-10 03:00:00,No
20.0,71.3,1.3,1012.7,0.0,2024-11-10 04:00:00,No
21.5,64.9,5.3,1009.2,0.0,2024-11-10 05:00:00,No
22.1,63.6,0.3,1011.3,1.1,2024-11-10 06:00:00,No
23.6,63.3,0.0,1010.0,0.7,2024-11-10 07:00:00,No
25.7,45.3,2.6,1012.8,3.3,2024-11-10 08:00:00,No
25.9,51.4,9.3,1015.2,4.9,2024-11-10 09:00:00,No
26.7,45.1,5.4,1010.7,8.2,2024-11-10 10:00:00,No
27.1,47.5,2.9,1008.1,10.1,2024-11-10 11:00:00,No
27.5,45.2,6.1,1016.0,7.3,2024-11-10 12:00:00,No
27.1,48.5,3.0,1018.0,7.5,2024-11-10 13:00:00,No
26.6,48.8,5.1,1004.9,6.2,2024-11-10 14:00:00,No
26.9,43.5,9.5,1013.6,5.9,2024-11-10 15:00:00,No
24.7,66.9,3.4,1015.1,2.5,2024-11-10 16:00:00,No
23.9,51.5,6.4,1004.7,0.8,2024-11-10 17:00:00,No
23.3,61.7,9.5,1011.8,2.2,2024-11-10 18:00:00,No
21.6,64.8,3.9,1023.0,0.0,2024-11-10 19:00:00,No
20.1,68.4,0.2,1009.6,0.0,2024-11-10 20:00:00,No
18.9,76.6,4.7,1014.5,0.0,2024-11-10 21:00:00,No
17.6,79.8,7.2,1022.6,0.0,2024-11-10 22:00:00,No
18.2,72.6,5.8,1011.0,0.0,2024-11-10 23:00:00,No
17.5,79.9,8.8,1015.4,0.0,2024-11-11 00:00:00,No
17.3,72.4,2.9,1015.1,0.0,2024-11-11 01:00:00,No
18.2,66.8,2.7,1010.9,0.0,2024-11-11 02:00:00,No
19.5,72.1,8.6,1017.3,0.0,2024-11-11 03:00:00,No
20.5,65.2,8.3,1019.9,0.0,2024-11-11 04:00:00,No
20.0,68.9,0.5,1011.2,0.0,2024-11-11 05:00:00,No
23.2,57.0,9.8,1009.3,0.0,2024-11-11 06:00:00,No
23.7,64.0,7.5,1009.3,2.3,2024-11-11 07:00:00,No
25.4,50.4,1.2,1012.6,5.3,2024-11-11 08:00:00,No
27.6,47.3,2.3,997.1,6.0,2024-11-11 09:00:00,No
26.5,51.2,4.3,1008.8,5.9,2024-11-11 10:00:00,No
26.9,55.8,9.8,1010.3,9.1,2024-11-11 11:00:00,No
27.4,44.4,6.2,1023.1,7.2,2024-11-11 12:00:00,No
28.0,42.1,9.2,1015.3,7.6,2024-11-11 13:00:00,No
26.3,55.2,8.7,1010.7,6.8,2024-11-11 14:00:00,No
26.7,46.4,7.4,1013.0,4.9,2024-11-11 15:00:00,No
25.2,59.3,7.0,1007.4,3.7,2024-11-11 16:00:00,No
23.8,66.1,6.9,1014.4,1.4,2024-11-11 17:00:00,No
22.5,58.1,1.3,1018.4,0.1,2024-11-11 18:00:00,No
21.5,69.0,5.5,1011.6,0.0,2024-11-11 19:00:00,No
20.6,61.8,6.8,1010.8,0.0,2024-11-11 20:00:00,No
18.6,77.1,6.8,1006.1,0.0,2024-11-11 21:00:00,No
18.4,68.8,4.7,1007.0,0.0,2024-11-11 22:00:00,No
17.6,73.6,0.9,1017.1,0.0,2024-11-11 23:00:00,No
17.6,69.1,3.4,1008.8,0.0,2024-11-12 00:00:00,No
17.3,79.9,4.7,1009.8,0.0,2024-11-12 01:00:00,No
18.0,73.6,1.4,1013.5,0.0,2024-11-12 02:00:00,No
18.9,72.7,5.5,1006.6,0.0,2024-11-12 03:00:00,No
20.4,69.6,0.8,1018.1,0.0,2024-11-12 04:00:00,No
21.7,63.5,3.8,1008.9,0.0,2024-11-12 05:00:00,No
22.2,67.8,1.7,1016.0,0.4,2024-11-12 06:00:00,No
24.1,64.6,9.0,1013.2,2.5,2024-11-12 07:00:00,No
25.8,48.2,7.0,1014.9,6.5,2024-11-12 08:00:00,No
26.3,54.9,5.6,1020.6,4.3,2024-11-12 09:00:00,No
27.0,58.5,6.2,1014.6,7.0,2024-11-12 10:00:00,No
27.3,47.0,1.1,1014.0,6.7,2024-11-12 11:00:00,No
28.0,43.6,4.4,1006.4,6.7,2024-11-12 12:00:00,No
27.6,45.7,6.5,1012.3,8.3,2024-11-12 13:00:00,No
27.8,42.7,4.5,1012.4,6.7,2024-11-12 14:00:00,No
25.9,46.9,7.8,1011.0,5.7,2024-11-12 15:00:00,No
25.9,53.7,6.9,1015.5,3.7,2024-11-12 16:00:00,No
25.0,53.0,9.1,1020.8,1.6,2024-11-12 17:00:00,No
22.8,54.9,9.1,1011.8,1.4,2024-11-12 18:00:00,No
21.6,63.1,2.2,1013.0,0.0,2024-11-12 19:00:00,No
21.5,60.4,0.9,1020.3,0.0,2024-11-12 20:00:00,No
18.9,70.9,6.1,1019.6,0.0,2024-11-12 21:00:00,No
18.4,73.9,6.6,1014.1,0.0,2024-11-12 22:00:00,No
17.4,84.4,0.3,1016.4,0.0,2024-11-12 23:00:00,No
17.2,81.0,3.5,1008.7,0.0,2024-11-13 00:00:00,No
17.9,69.8,1.1,1012.5,0.0,2024-11-13 01:00:00,No
18.3,74.1,7.6,1008.1,0.0,2024-11-13 02:00:00,No
19.7,63.7,7.5,1018.7,0.0,2024-11-13 03:00:00,No
20.9,79.3,2.4,1014.2,0.0,2024-11-13 04:00:00,No
21.7,63.7,4.1,1019.2,0.0,2024-11-13 05:00:00,No
23.7,61.9,8.2,1013.8,0.0,2024-11-13 06:00:00,No
23.3,70.4,4.5,1011.6,2.2,2024-11-13 07:00:00,No
24.1,54.7,6.6,1014.2,3.5,2024-11-13 08:00:00,No
26.1,49.8,8.1,1002.7,5.4,2024-11-13 09:00:00,No
27.3,51.2,2.3,1018.0,5.3,2024-11-13 10:00:00,No
27.5,48.9,7.9,1009.9,6.9,2024-11-13 11:00:00,No
28.4,47.4,6.1,1010.0,9.0,2024-11-13 12:00:00,No
27.1,54.5,9.9,1010.3,4.7,2024-11-13 13:00:00,No
27.2,53.6,2.8,1011.5,7.0,2024-11-13 14:00:00,No
26.8,47.9,8.7,1017.7,4.6,2024-11-13 15:00:00,No
25.0,53.8,5.7,1017.6,4.9,2024-11-13 16:00:00,No
24.1,64.2,7.5,1016.5,1.6,2024-11-13 17:00:00,No
23.3,64.5,7.2,1011.7,0.0,2024-11-13 18:00:00,No
21.6,63.2,2.8,1021.2,0.0,2024-11-13 19:00:00,No
20.5,67.9,5.6,1012.1,0.0,2024-11-13 20:00:00,No
18.3,76.3,6.8,1009.8,0.0,2024-11-13 21:00:00,No
18.8,73.1,5.9,1012.6,0.0,2024-11-13 22:00:00,No
18.3,74.2,3.7,1010.6,0.0,2024-11-13 23:00:00,No
17.3,81.4,5.5,1007.5,0.0,2024-11-14 00:00:00,No
18.3,75.8,0.8,1011.5,0.0,2024-11-14 01:00:00,No
18.8,73.6,7.5,1012.6,0.0,2024-11-14 02:00:00,No
19.8,72.2,8.9,1010.9,0.0,2024-11-14 03:00:00,No
19.8,78.4,1.7,1013.1,0.0,2024-11-14 04:00:00,No
22.0,60.2,3.3,1013.3,0.0,2024-11-14 05:00:00,No
23.3,59.1,6.0,1005.8,1.5,2024-11-14 06:00:00,No
24.7,48.6,0.8,1018.6,2.0,2024-11-14 07:00:00,No
27.2,51.6,9.1,1008.7,4.1,2024-11-14 08:00:00,No
26.5,47.2,1.3,1014.7,4.6,2024-11-14 09:00:00,No
27.3,51.8,7.7,1011.9,7.2,2024-11-14 10:00:00,No
28.3,45.8,7.1,1007.4,7.5,2024-11-14 11:00:00,No
28.3,43.2,7.1,1015.9,6.5,2024-11-14 12:00:00,No
28.5,46.6,6.7,1014.1,7.0,2024-11-14 13:00:00,No
26.9,50.7,8.3,1013.9,4.9,2024-11-14 14:00:00,No
26.9,56.0,3.6,1014.2,6.6,2024-11-14 15:00:00,No
25.2,60.5,0.6,1013.9,3.8,2024-11-14 16:00:00,No
25.2,53.0,8.5,1013.6,2.9,2024-11-14 17:00:00,No
22.8,57.1,1.9,1019.5,0.0,2024-11-14 18:00:00,No
21.7,67.1,8.2,1016.9,0.0,2024-11-14 19:00:00,No
20.9,67.0,9.4,1005.0,0.0,2024-11-14 20:00:00,No
19.6,71.7,5.2,1013.1,0.0,2024-11-14 21:00:00,No
19.3,81.4,4.1,1008.3,0.0,2024-11-14 22:00:00,No
18.7,83.4,4.6,1013.6,0.0,2024-11-14 23:00:00,No
17.7,88.1,0.3,1012.2,0.0,2024-11-15 00:00:00,No
18.7,73.3,9.0,1011.8,0.0,2024-11-15 01:00:00,No
19.1,69.9,0.3,1017.3,0.0,2024-11-15 02:00:00,No
19.4,69.1,9.0,1013.5,0.0,2024-11-15 03:00:00,No
20.6,68.7,0.2,1017.6,0.0,2024-11-15 04:00:00,No
22.0,62.1,0.7,1021.0,0.0,2024-11-15 05:00:00,No
22.9,59.2,8.4,1012.8,1.7,2024-11-15 06:00:00,No
24.0,59.9,4.9,1005.6,2.3,2024-11-15 07:00:00,No
25.5,60.0,7.3,1003.6,5.2,2024-11-15 08:00:00,No
26.4,53.2,8.3,1012.3,5.1,2024-11-15 09:00:00,No
26.4,54.6,0.0,1014.2,5.7,2024-11-15 10:00:00,No
28.5,45.2,4.9,1012.7,6.9,2024-11-15 11:00:00,No
27.4,49.9,3.4,1021.6,6.9,2024-11-15 12:00:00,No
27.3,51.9,8.3,1006.6,6.1,2024-11-15 13:00:00,No
28.2,45.6,6.1,1007.3,7.3,2024-11-15 14:00:00,No
26.1,49.3,4.7,1016.3,4.7,2024-11-15 15:00:00,No
25.5,51.4,8.7,1011.0,2.8,2024-11-15 16:00:00,No
25.0,43.1,2.9,1013.2,2.1,2024-11-15 17:00:00,No
23.8,62.5,4.4,1013.7,0.0,2024-11-15 18:00:00,No
22.3,69.3,8.9,1007.3,0.0,2024-11-15 19:00:00,No
20.5,68.4,8.9,1006.2,0.0,2024-11-15 20:00:00,No
20.1,73.1,6.8,1016.0,0.0,2024-11-15 21:00:00,No
18.8,72.0,8.2,1005.6,0.0,2024-11-15 22:00:00,No
19.1,67.4,7.3,1016.4,0.0,2024-11-15 23:00:00,No
18.5,79.8,2.0,1018.1,0.0,2024-11-16 00:00:00,No
18.9,76.1,6.2,1017.4,0.0,2024-11-16 01:00:00,No
19.5,67.4,6.7,1014.4,0.0,2024-11-16 02:00:00,No
19.0,76.1,5.8,1012.6,0.0,2024-11-16 03:00:00,No
20.2,75.5,6.2,1011.9,0.0,2024-11-16 04:00:00,No
21.6,68.9,7.2,1016.2,0.0,2024-11-16 05:00:00,No
22.5,55.8,5.7,1013.2,0.4,2024-11-16 06:00:00,No
24.7,61.4,5.7,1008.4,3.4,2024-11-16 07:00:00,No
26.2,51.6,7.4,1020.3,3.2,2024-11-16 08:00:00,No
26.6,50.5,6.7,1014.4,5.1,2024-11-16 09:00:00,No
29.1,42.4,8.1,1008.4,6.5,2024-11-16 10:00:00,No
29.0,39.7,0.4,1010.0,7.0,2024-11-16 11:00:00,No
28.8,50.4,0.9,1013.6,6.5,2024-11-16 12:00:00,No
28.2,47.8,9.5,1014.6,8.1,2024-11-16 13:00:00,No
28.2,45.4,5.6,1009.2,7.8,2024-11-16 14:00:00,No
27.0,45.0,3.1,1008.4,5.5,2024-11-16 15:00:00,No
25.6,57.5,3.6,1011.1,5.5,2024-11-16 16:00:00,No
25.4,53.7,1.0,1015.7,1.3,2024-11-16 17:00:00,No
23.0,60.5,1.7,1019.6,0.0,2024-11-16 18:00:00,No
21.8,55.6,4.5,1014.1,0.0,2024-11-16 19:00:00,No
22.1,68.9,8.1,1016.1,0.0,2024-11-16 20:00:00,No
20.1,75.0,6.7,1018.0,0.0,2024-11-16 21:00:00,No
18.8,77.8,5.0,1007.3,0.0,2024-11-16 22:00:00,No
19.1,72.3,1.9,1017.0,0.0,2024-11-16 23:00:00,No
18.0,73.1,0.7,1007.6,0.0,2024-11-17 00:00:00,No
18.8,66.8,3.2,1005.4,0.0,2024-11-17 01:00:00,No
18.8,68.0,5.1,1011.7,0.0,2024-11-17 02:00:00,No
20.8,67.8,3.9,1008.0,0.0,2024-11-17 03:00:00,No
20.7,64.9,7.7,1018.7,0.0,2024-11-17 04:00:00,No
22.2,52.2,5.4,1005.8,0.0,2024-11-17 05:00:00,No
23.7,55.7,5.7,1012.7,0.0,2024-11-17 06:00:00,No
25.2,55.1,1.4,1021.0,1.8,2024-11-17 07:00:00,No
25.1,52.8,3.7,1019.1,4.6,2024-11-17 08:00:00,No
27.5,45.6,8.7,1008.2,6.7,2024-11-17 09:00:00,No
27.5,51.5,9.6,1017.4,9.3,2024-11-17 10:00:00,No
28.7,45.6,9.3,1013.2,7.4,2024-11-17 11:00:00,No
27.9,42.5,6.5,1017.5,7.0,2024-11-17 12:00:00,No
28.9,43.8,3.8,1012.8,6.9,2024-11-17 13:00:00,No
28.0,42.5,9.9,1015.1,7.3,2024-11-17 14:00:00,No
27.1,43.4,8.1,1012.4,5.9,2024-11-17 15:00:00,No
26.2,53.2,0.6,1014.8,0.5,2024-11-17 16:00:00,No
24.3,48.5,5.9,1014.4,0.0,2024-11-17 17:00:00,No
23.3,57.5,9.4,1014.5,0.1,2024-11-17 18:00:00,No
23.0,61.1,8.4,1008.0,0.0,2024-11-17 19:00:00,No
21.2,67.7,8.6,1012.8,0.0,2024-11-17 20:00:00,No
19.9,72.9,4.3,1014.8,0.0,2024-11-17 21:00:00,No
19.5,70.6,4.1,1012.2,0.0,2024-11-17 22:00:00,No
19.1,69.6,3.6,1001.7,0.0,2024-11-17 23:00:00,No
18.6,73.5,6.4,1016.5,0.0,2024-11-18 00:00:00,No
18.6,66.4,8.5,1018.1,0.0,2024-11-18 01:00:00,No
19.4,74.8,8.6,1002.3,0.0,2024-11-18 02:00:00,No
20.1,59.4,4.4,1008.6,0.0,2024-11-18 03:00:00,No
21.0,71.5,8.3,1008.7,0.0,2024-11-18 04:00:00,No
21.9,70.7,8.8,1007.3,0.0,2024-11-18 05:00:00,No
23.3,57.2,7.9,1006.8,1.4,2024-11-18 06:00:00,No
25.3,53.7,7.8,1011.7,2.1,2024-11-18 07:00:00,No
25.7,45.8,0.4,1005.6,4.5,2024-11-18 08:00:00,No
26.7,50.1,8.8,1011.5,6.2,2024-11-18 09:00:00,No
28.5,33.9,10.0,1018.6,6.0,2024-11-18 10:00:00,No
29.7,46.4,2.3,1023.3,6.0,2024-11-18 11:00:00,No
29.7,41.3,8.4,1010.2,5.9,2024-11-18 12:00:00,No
28.4,42.7,4.9,1010.0,7.4,2024-11-18 13:00:00,No
28.4,47.3,5.7,1010.5,6.8,2024-11-18 14:00:00,No
27.5,59.2,9.3,1017.9,5.8,2024-11-18 15:00:00,No
26.6,48.2,0.8,1017.8,4.2,2024-11-18 16:00:00,No
25.1,42.4,4.9,1017.4,1.2,2024-11-18 17:00:00,No
23.2,67.9,6.1,1014.7,0.0,2024-11-18 18:00:00,No
21.6,79.2,5.3,1009.7,0.0,2024-11-18 19:00:00,No
21.0,67.7,6.2,1007.1,0.0,2024-11-18 20:00:00,No
19.5,72.7,3.2,1011.1,0.0,2024-11-18 21:00:00,No
19.7,68.4,8.1,1009.4,0.0,2024-11-18 22:00:00,No
19.3,64.6,9.1,1015.5,0.0,2024-11-18 23:00:00,No
18.5,88.9,6.2,1007.9,0.0,2024-11-19 00:00:00,No
18.3,72.8,6.6,1017.9,0.0,2024-11-19 01:00:00,No
19.3,68.8,0.9,1011.6,0.0,2024-11-19 02:00:00,No
20.3,74.2,9.4,1016.9,0.0,2024-11-19 03:00:00,No
21.7,64.5,7.2,1006.6,0.0,2024-11-19 04:00:00,No
22.5,56.6,4.0,1025.6,0.0,2024-11-19 05:00:00,No
24.6,52.5,7.6,1010.8,0.0,2024-11-19 06:00:00,No
24.8,59.1,4.7,1015.0,1.5,2024-11-19 07:00:00,No
26.1,48.6,1.9,1028.7,3.9,2024-11-19 08:00:00,No
26.9,49.7,0.7,1014.6,5.6,2024-11-19 09:00:00,No
28.5,49.0,7.2,1006.1,5.6,2024-11-19 10:00:00,No
28.0,46.2,5.4,1013.8,7.6,2024-11-19 11:00:00,No
29.6,40.6,5.7,1018.5,7.1,2024-11-19 12:00:00,No
28.4,44.5,8.7,1023.8,7.0,2024-11-19 13:00:00,No
29.1,50.9,1.2,1018.4,6.4,2024-11-19 14:00:00,No
26.7,45.8,4.8,1014.9,4.0,2024-11-19 15:00:00,No
25.9,55.6,7.1,1015.3,3.2,2024-11-19 16:00:00,No
24.7,48.4,3.3,1011.6,1.3,2024-11-19 17:00:00,No
24.4,60.8,3.7,1013.0,0.5,2024-11-19 18:00:00,No
22.5,52.9,0.5,1012.5,0.0,2024-11-19 19:00:00,No
21.6,66.2,5.9,1016.5,0.0,2024-11-19 20:00:00,No
20.9,67.7,1.1,1009.1,0.0,2024-11-19 21:00:00,No
18.9,61.5,8.5,1009.8,0.0,2024-11-19 22:00:00,No
20.1,75.3,9.1,1021.9,0.0,2024-11-19 23:00:00,No
18.9,76.0,5.3,1008.0,0.0,2024-11-20 00:00:00,No
19.2,74.0,0.7,1022.9,0.0,2024-11-20 01:00:00,No
19.5,66.8,8.5,996.5,0.0,2024-11-20 02:00:00,No
19.7,71.6,8.7,1011.4,0.0,2024-11-20 03:00:00,No
22.3,59.5,8.4,1010.1,0.0,2024-11-20 04:00:00,No
22.5,55.0,8.5,1004.0,0.0,2024-11-20 05:00:00,No
23.1,67.7,9.3,1008.7,0.0,2024-11-20 06:00:00,No
26.0,57.5,4.5,1015.0,0.0,2024-11-20 07:00:00,No
26.8,46.4,2.3,1013.2,3.5,2024-11-20 08:00:00,No
27.8,46.8,4.8,1014.8,5.6,2024-11-20 09:00:00,No
28.8,40.6,0.9,1013.2,7.6,2024-11-20 10:00:00,No
29.2,50.7,4.5,1013.3,5.8,2024-11-20 11:00:00,No
29.0,46.6,0.4,1018.1,9.1,2024-11-20 12:00:00,No
28.6,41.4,1.9,1016.9,6.6,2024-11-20 13:00:00,No
29.4,37.2,1.9,1015.1,6.7,2024-11-20 14:00:00,No
28.2,44.3,7.2,1005.0,4.7,2024-11-20 15:00:00,No
27.3,52.4,7.0,1006.4,2.9,2024-11-20 16:00:00,No
25.3,57.2,8.0,1010.3,4.4,2024-11-20 17:00:00,No
24.2,63.4,6.2,1001.2,0.0,2024-11-20 18:00:00,No
22.8,68.4,8.2,1016.8,0.0,2024-11-20 19:00:00,No
22.2,57.8,3.7,1011.7,0.0,2024-11-20 20:00:00,No
20.0,65.7,1.2,1015.0,0.0,2024-11-20 21:00:00,No
19.5,69.7,0.9,1014.3,0.0,2024-11-20 22:00:00,No
20.3,71.5,6.5,1005.0,0.0,2024-11-20 23:00:00,No
18.6,73.7,6.8,1024.9,0.0,2024-11-21 00:00:00,No
19.0,68.7,2.0,1012.2,0.0,2024-11-21 01:00:00,No
20.3,70.1,4.4,1016.7,0.0,2024-11-21 02:00:00,No
20.3,66.2,9.0,1013.8,0.0,2024-11-21 03:00:00,No
21.3,71.4,1.6,1014.7,0.0,2024-11-21 04:00:00,No
22.5,61.1,8.5,1014.3,0.0,2024-11-21 05:00:00,No
24.5,51.8,3.4,1010.5,0.0,2024-11-21 06:00:00,No
25.4,59.6,1.7,1018.6,1.4,2024-11-21 07:00:00,No
27.1,53.7,3.6,1012.5,2.6,2024-11-21 08:00:00,No
27.8,44.3,6.1,1012.2,6.4,2024-11-21 09:00:00,No
27.9,50.7,0.9,1009.9,6.0,2024-11-21 10:00:00,No
29.8,30.0,3.4,1016.8,5.8,2024-11-21 11:00:00,No
29.4,41.5,2.2,1006.8,7.4,2024-11-21 12:00:00,No
29.3,39.0,5.5,1013.8,8.0,2024-11-21 13:00:00,No
28.8,53.3,0.2,1014.2,5.5,2024-11-21 14:00:00,No
27.9,54.1,4.4,1010.6,5.9,2024-11-21 15:00:00,No
26.8,46.3,7.9,1009.6,6.6,2024-11-21 16:00:00,No
26.0,58.8,8.7,1002.9,1.7,2024-11-21 17:00:00,No
23.9,58.7,8.9,1008.0,0.0,2024-11-21 18:00:00,No
21.9,68.0,6.4,1020.4,0.0,2024-11-21 19:00:00,No
21.9,70.3,3.1,1015.2,0.0,2024-11-21 20:00:00,No
21.5,66.3,2.5,1012.1,0.0,2024-11-21 21:00:00,No
21.4,65.7,7.9,1004.4,0.0,2024-11-21 22:00:00,No
19.6,69.9,4.8,1007.0,0.0,2024-11-21 23:00:00,No
19.1,71.4,5.0,1014.9,0.0,2024-11-22 00:00:00,No
18.3,79.5,7.5,1005.9,0.0,2024-11-22 01:00:00,No
20.1,72.4,9.4,1016.3,0.0,2024-11-22 02:00:00,No
20.5,67.2,0.6,1010.1,0.0,2024-11-22 03:00:00,No
21.4,68.2,7.2,1017.0,0.0,2024-11-22 04:00:00,No
23.4,59.2,2.3,1008.9,0.0,2024-11-22 05:00:00,No
24.9,56.8,4.1,1011.9,0.7,2024-11-22 06:00:00,No
25.9,54.5,5.0,1008.2,3.9,2024-11-22 07:00:00,No
26.6,49.9,5.1,1018.8,3.0,2024-11-22 08:00:00,No
28.2,50.9,9.2,1014.5,5.6,2024-11-22 09:00:00,No
28.7,47.5,7.3,1017.0,8.4,2024-11-22 10:00:00,No
28.7,46.0,9.0,1015.8,7.4,2024-11-22 11:00:00,No
29.7,41.9,9.0,1013.1,8.9,2024-11-22 12:00:00,No
29.6,45.5,2.7,1007.0,7.8,2024-11-22 13:00:00,No
29.0,39.9,5.8,1016.8,6.0,2024-11-22 14:00:00,No
27.1,40.4,1.2,1014.8,5.1,2024-11-22 15:00:00,No
27.7,43.0,5.8,1013.3,3.3,2024-11-22 16:00:00,No
25.2,55.3,6.2,1011.6,0.9,2024-11-22 17:00:00,No
24.2,46.7,2.2,1009.9,0.2,2024-11-22 18:00:00,No
23.6,61.3,2.6,1013.2,0.0,2024-11-22 19:00:00,No
21.1,63.4,0.4,1013.1,0.0,2024-11-22 20:00:00,No
21.0,68.2,2.7,1014.9,0.0,2024-11-22 21:00:00,No
19.9,69.5,6.6,1017.9,0.0,2024-11-22 22:00:00,No
20.0,67.3,5.9,1013.1,0.0,2024-11-22 23:00:00,No
18.6,71.5,8.9,1018.6,0.0,2024-11-23 00:00:00,No
20.1,63.7,3.5,1015.7,0.0,2024-11-23 01:00:00,No
20.0,65.7,4.5,1007.3,0.0,2024-11-23 02:00:00,No
21.4,77.0,8.0,1004.1,0.0,2024-11-23 03:00:00,No
22.8,63.7,9.5,1008.7,0.0,2024-11-23 04:00:00,No
22.7,58.0,1.0,1019.4,0.0,2024-11-23 05:00:00,No
24.4,61.7,5.3,1006.5,1.0,2024-11-23 06:00:00,No
25.4,49.8,8.0,1003.3,2.4,2024-11-23 07:00:00,No
26.7,51.3,1.5,1009.7,3.0,2024-11-23 08:00:00,No
28.0,42.8,0.9,1008.0,7.9,2024-11-23 09:00:00,No
29.1,43.1,0.7,1010.2,6.3,2024-11-23 10:00:00,No
29.0,45.1,1.0,1015.4,8.5,2024-11-23 11:00:00,No
30.2,35.9,1.4,1019.3,8.6,2024-11-23 12:00:00,No
29.7,38.9,4.3,1016.8,6.2,2024-11-23 13:00:00,No
28.7,44.0,7.4,1010.3,7.6,2024-11-23 14:00:00,No
28.3,38.8,6.6,1012.6,5.5,2024-11-23 15:00:00,No
27.5,42.9,5.8,1009.3,4.7,2024-11-23 16:00:00,No
26.4,49.4,4.8,1021.6,0.7,2024-11-23 17:00:00,No
24.6,64.4,10.0,1015.5,0.0,2024-11-23 18:00:00,No
23.8,64.7,2.1,1013.5,0.0,2024-11-23 19:00:00,No
22.1,57.7,7.7,1018.1,0.0,2024-11-23 20:00:00,No
21.3,66.0,1.5,1013.9,0.0,2024-11-23 21:00:00,No
19.2,80.4,2.4,1018.9,0.0,2024-11-23 22:00:00,No
19.6,70.3,2.7,1008.0,0.0,2024-11-23 23:00:00,No
19.5,66.4,6.1,998.4,0.0,2024-11-24 00:00:00,No
20.0,63.9,5.4,1016.4,0.0,2024-11-24 01:00:00,No
19.9,76.4,5.8,1009.4,0.0,2024-11-24 02:00:00,No
21.7,60.6,2.8,1012.3,0.0,2024-11-24 03:00:00,No
22.3,65.0,2.3,1021.8,0.0,2024-11-24 04:00:00,No
23.1,53.9,8.0,1015.0,0.0,2024-11-24 05:00:00,No
25.0,68.1,4.9,1022.3,0.0,2024-11-24 06:00:00,No
26.2,46.8,9.2,1008.5,3.1,2024-11-24 07:00:00,No
26.9,52.3,9.0,1016.8,3.9,2024-11-24 08:00:00,No
27.5,47.0,9.6,1008.2,6.3,2024-11-24 09:00:00,No
30.1,38.2,6.1,1008.4,7.3,2024-11-24 10:00:00,No
29.6,40.4,9.0,1022.2,7.7,2024-11-24 11:00:00,No
29.1,45.7,3.2,1018.3,8.4,2024-11-24 12:00:00,No
29.8,40.0,9.8,1019.4,8.4,2024-11-24 13:00:00,No
29.4,37.2,6.3,1012.7,7.3,2024-11-24 14:00:00,No
27.9,49.6,2.6,1018.4,4.5,2024-11-24 15:00:00,No
27.2,52.4,9.7,1019.7,2.5,2024-11-24 16:00:00,No
26.4,44.9,1.3,1016.8,0.6,2024-11-24 17:00:00,No
24.5,52.6,1.6,1012.8,0.3,2024-11-24 18:00:00,No
24.6,45.7,7.1,1022.7,0.0,2024-11-24 19:00:00,No
21.7,59.5,3.5,1020.2,0.0,2024-11-24 20:00:00,No
20.3,62.2,7.1,1009.8,0.0,2024-11-24 21:00:00,No
20.8,68.4,1.5,1005.8,0.0,2024-11-24 22:00:00,No
20.1,69.8,0.4,1012.1,0.0,2024-11-24 23:00:00,No
20.2,79.5,0.0,1004.2,0.0,2024-11-25 00:00:00,No
20.7,59.1,7.8,1009.3,0.0,2024-11-25 01:00:00,No
20.9,58.0,4.6,1009.5,0.0,2024-11-25 02:00:00,No
20.7,67.4,0.5,1011.0,0.0,2024-11-25 03:00:00,No
22.6,60.2,1.7,1009.7,0.0,2024-11-25 04:00:00,No
24.1,64.3,0.9,1019.1,0.0,2024-11-25 05:00:00,No
25.0,49.0,4.1,1013.6,0.6,2024-11-25 06:00:00,No
26.4,47.3,0.9,1014.1,3.2,2024-11-25 07:00:00,No
27.1,55.8,9.8,1007.5,5.4,2024-11-25 08:00:00,No
29.1,44.8,7.3,1015.2,7.7,2024-11-25 09:00:00,No
28.9,49.9,4.4,1007.1,6.5,2024-11-25 10:00:00,No
29.4,48.5,6.3,1011.9,5.9,2024-11-25 11:00:00,No
29.2,45.7,7.8,1010.6,7.5,2024-11-25 12:00:00,No
29.5,46.1,4.2,1007.5,7.1,2024-11-25 13:00:00,No
29.8,43.0,1.0,1011.9,8.2,2024-11-25 14:00:00,No
28.1,45.4,2.6,1011.8,5.6,2024-11-25 15:00:00,No
27.4,43.4,3.9,1005.2,5.2,2024-11-25 16:00:00,No
27.1,57.6,6.6,1013.1,1.7,2024-11-25 17:00:00,No
25.0,50.5,0.4,1017.0,0.0,2024-11-25 18:00:00,No
24.3,59.5,2.4,1009.2,0.0,2024-11-25 19:00:00,No
22.1,51.1,4.5,1018.8,0.0,2024-11-25 20:00:00,No
21.5,67.8,6.0,1016.5,0.0,2024-11-25 21:00:00,No
20.9,69.8,2.4,1012.0,0.0,2024-11-25 22:00:00,No
20.0,68.1,7.4,1010.8,0.0,2024-11-25 23:00:00,No
